# Args { candidate: "hard", compare: Some("hard"), opponents: ["challenger"], cfg: [("budget_us", "0"), ("simulations", "128"), ("confirmation_samples", "48"), ("learned_value", "true"), ("value_model_path", "data/match_value/model-v1.bin"), ("validate_calls", "true"), ("min_cabo_success", "0"), ("avoid_cycles", "true")], compare_cfg: [("budget_us", "0"), ("simulations", "128"), ("confirmation_samples", "48"), ("learned_value", "false"), ("validate_calls", "true"), ("min_cabo_success", "0"), ("avoid_cycles", "true")], opponent_cfg: [], players: 2, blocks: 512, seed: 595000, jobs: 4, target: 100, start_scores: [], out: Some("reports/HARD_R30_VALUE_TWO_PLAYERS_ABLATION.tsv") }
block	seed	bot	games	mean_gap	win_share	decisions	decision_us	max_us	calls	successes	resets	high_pairs
0	595000	hard	2	-17.5	1	84	524326	18099	4	1	0	0
0	595000	hard	2	-4.5	0.5	122	653702	20786	8	6	0	0
1	11400714819323793485	hard	2	-52	1	164	834923	16165	3	3	1	0
1	11400714819323793485	hard	2	-22	0.5	63	272470	19032	5	3	0	0
2	4354685564937440354	hard	2	63.5	0	102	569803	14001	6	1	0	0
2	4354685564937440354	hard	2	15	0.5	127	586880	17867	4	1	0	0
3	15755400384260638839	hard	2	7.5	0.5	113	653479	16054	7	6	0	0
3	15755400384260638839	hard	2	-29	1	131	734351	18211	11	9	1	0
4	8709371129874285708	hard	2	3.5	0.5	118	759619	19312	7	3	0	0
4	8709371129874285708	hard	2	-34	1	109	683490	17785	8	5	0	0
5	1663341875487932577	hard	2	-41.5	1	104	496532	17876	4	4	0	0
5	1663341875487932577	hard	2	-37.5	1	127	610659	15039	5	4	1	0
6	13064056694811131062	hard	2	-25	1	114	615047	16476	5	3	1	0
6	13064056694811131062	hard	2	-41.5	1	126	721976	17405	6	6	1	0
7	6018027440424777931	hard	2	-52	1	146	833018	15563	7	4	0	0
7	6018027440424777931	hard	2	4	0.5	165	923406	15947	7	3	1	0
8	17418742259747976416	hard	2	-10	0.5	122	742523	21899	8	2	1	0
8	17418742259747976416	hard	2	-18	1	112	558540	15340	6	2	0	0
9	10372713005361623285	hard	2	13	0.5	199	1342117	23140	3	2	1	0
9	10372713005361623285	hard	2	5	0.5	193	1103680	16352	5	3	2	0
10	3326683750975270154	hard	2	-28.5	1	147	739816	16264	7	5	2	0
10	3326683750975270154	hard	2	-40.5	1	99	463426	15470	4	3	1	0
11	14727398570298468639	hard	2	-57.5	1	85	476626	13858	5	5	0	0
11	14727398570298468639	hard	2	-59.5	1	62	322642	13871	6	4	1	0
12	7681369315912115508	hard	2	-28.5	0.5	160	882152	23422	7	6	1	0
12	7681369315912115508	hard	2	-5	0.5	127	598765	15941	7	6	0	0
13	635340061525762377	hard	2	-38	1	142	787382	20070	9	7	1	0
13	635340061525762377	hard	2	-14	0.5	168	848288	17859	11	8	1	0
14	12036054880848960862	hard	2	-26.5	0.5	131	742695	15675	8	7	0	0
14	12036054880848960862	hard	2	-24	1	168	957830	17761	11	6	1	0
15	4990025626462607731	hard	2	56	0	130	697677	18297	4	3	0	0
15	4990025626462607731	hard	2	-23	1	112	511103	15844	8	8	0	0
16	16390740445785806216	hard	2	-32	1	130	690002	16003	8	4	1	0
16	16390740445785806216	hard	2	-14.5	1	162	795186	15249	7	3	1	0
17	9344711191399453085	hard	2	-18	1	124	634639	15671	6	5	0	0
17	9344711191399453085	hard	2	-39.5	1	94	490568	17746	5	5	0	0
18	2298681937013099954	hard	2	-67.5	1	121	686886	17616	7	6	0	0
18	2298681937013099954	hard	2	-72	1	91	469169	15957	6	5	0	0
19	13699396756336298439	hard	2	-53	1	83	406538	15087	5	3	0	0
19	13699396756336298439	hard	2	0.5	0.5	193	936229	18508	3	3	0	0
20	6653367501949945308	hard	2	-5.5	0.5	162	1044668	17044	7	3	0	0
20	6653367501949945308	hard	2	-17	1	163	995458	15973	8	5	1	0
21	18054082321273143793	hard	2	-14.5	0.5	178	989386	17531	11	7	2	0
21	18054082321273143793	hard	2	54.5	0	181	895075	17437	5	4	1	0
22	11008053066886790662	hard	2	-30.5	1	181	989718	19670	9	6	1	0
22	11008053066886790662	hard	2	-44.5	1	191	1031246	19187	4	4	1	0
23	3962023812500437531	hard	2	-49	1	90	406486	15068	7	6	1	0
23	3962023812500437531	hard	2	6.5	0.5	77	292452	11615	6	4	0	0
24	15362738631823636016	hard	2	0	0.5	113	619163	18037	7	5	1	0
24	15362738631823636016	hard	2	-49.5	1	104	522403	17317	3	3	0	0
25	8316709377437282885	hard	2	-14	0.5	118	675085	18640	6	4	0	0
25	8316709377437282885	hard	2	-54	1	101	515687	15787	2	2	0	0
26	1270680123050929754	hard	2	-20	1	82	442741	15267	5	2	0	0
26	1270680123050929754	hard	2	-52.5	1	106	524064	15454	1	1	0	0
27	12671394942374128239	hard	2	-52.5	1	111	567593	13905	9	8	1	0
27	12671394942374128239	hard	2	-12.5	0.5	143	717608	18054	7	4	1	0
28	5625365687987775108	hard	2	-24	0.5	78	490459	20093	10	6	0	0
28	5625365687987775108	hard	2	-18	0.5	87	485244	16643	6	4	0	0
29	17026080507310973593	hard	2	-48.5	1	121	732157	18382	5	5	1	0
29	17026080507310973593	hard	2	-14	1	116	706016	17411	6	4	0	0
30	9980051252924620462	hard	2	-12	0.5	151	920211	18758	9	6	0	0
30	9980051252924620462	hard	2	-39.5	1	116	745268	19929	5	3	0	0
31	2934021998538267331	hard	2	-76	1	103	634455	21068	6	5	0	0
31	2934021998538267331	hard	2	-24.5	1	151	963766	25046	7	4	1	0
32	14334736817861465816	hard	2	-31	1	170	1212519	23877	7	4	1	0
32	14334736817861465816	hard	2	-39	1	208	1436406	25455	7	3	2	0
33	7288707563475112685	hard	2	-26	0.5	106	660362	20376	7	6	0	0
33	7288707563475112685	hard	2	-29	0.5	68	395389	18319	6	3	1	0
34	242678309088759554	hard	2	-11	0.5	96	587192	16673	4	1	0	0
34	242678309088759554	hard	2	-26	1	108	812225	27472	6	4	0	0
35	11643393128411958039	hard	2	-14.5	1	105	653896	26245	4	1	0	0
35	11643393128411958039	hard	2	7.5	0.5	133	761532	20652	8	5	1	0
36	4597363874025604908	hard	2	4.5	0.5	117	851551	22653	5	2	1	0
36	4597363874025604908	hard	2	-6.5	1	147	1038890	28162	5	4	0	0
37	15998078693348803393	hard	2	-43.5	1	89	693633	21991	6	3	2	0
37	15998078693348803393	hard	2	-32.5	1	71	449400	25461	4	2	1	0
38	8952049438962450262	hard	2	46	0	182	1174628	25035	7	5	1	0
38	8952049438962450262	hard	2	-39.5	1	116	706660	16147	5	3	1	0
39	1906020184576097131	hard	2	-4.5	0.5	116	797247	19804	5	4	0	0
39	1906020184576097131	hard	2	11.5	0.5	106	628462	19477	5	3	0	0
40	13306735003899295616	hard	2	-0.5	0.5	57	363660	17713	6	3	0	0
40	13306735003899295616	hard	2	-6.5	1	72	452274	20915	6	3	0	0
41	6260705749512942485	hard	2	-36	1	175	1347563	23542	9	7	0	0
41	6260705749512942485	hard	2	-29	1	260	1719484	20694	11	8	2	0
42	17661420568836140970	hard	2	-44	1	96	577512	15075	6	4	0	0
42	17661420568836140970	hard	2	-1	0.5	145	844324	22165	6	4	0	0
43	10615391314449787839	hard	2	2	0.5	104	712035	20593	6	4	0	0
43	10615391314449787839	hard	2	9	0.5	176	1104990	17181	5	4	1	0
44	3569362060063434708	hard	2	-7	0.5	116	768620	20758	8	5	1	0
44	3569362060063434708	hard	2	-5.5	0.5	147	909978	22664	7	5	1	0
45	14970076879386633193	hard	2	-4	0.5	84	467673	18622	7	5	1	0
45	14970076879386633193	hard	2	-12.5	0.5	92	547001	18680	5	4	0	0
46	7924047625000280062	hard	2	-2.5	0.5	148	1007913	18819	3	1	1	0
46	7924047625000280062	hard	2	-48	1	137	831555	20063	5	4	0	0
47	878018370613926931	hard	2	-24.5	1	183	1101529	17935	7	4	0	0
47	878018370613926931	hard	2	8.5	0.5	165	935211	16014	8	4	1	0
48	12278733189937125416	hard	2	-64	1	75	535958	23622	7	6	0	0
48	12278733189937125416	hard	2	40	0.5	102	574627	18183	5	3	0	0
49	5232703935550772285	hard	2	-13	0.5	126	821221	20884	7	6	0	0
49	5232703935550772285	hard	2	-1	0.5	119	698648	15460	5	4	0	0
50	16633418754873970770	hard	2	-27	1	125	818186	17503	9	5	1	0
50	16633418754873970770	hard	2	2	0.5	124	772186	19823	9	4	1	0
51	9587389500487617639	hard	2	7.5	0.5	163	1085934	20074	6	5	0	0
51	9587389500487617639	hard	2	6	0.5	167	1089043	25845	4	1	1	0
52	2541360246101264508	hard	2	21	0.5	225	1440434	22374	6	2	1	0
52	2541360246101264508	hard	2	-17	1	137	834808	19761	6	3	1	0
53	13942075065424462993	hard	2	-26.5	1	79	400460	14585	5	3	1	0
53	13942075065424462993	hard	2	-36	1	85	367301	14399	6	5	0	0
54	6896045811038109862	hard	2	-3.5	0.5	100	695762	18274	6	3	0	0
54	6896045811038109862	hard	2	6.5	0.5	116	771745	15966	5	2	0	0
55	18296760630361308347	hard	2	-34	1	109	713641	19519	4	2	0	0
55	18296760630361308347	hard	2	-20.5	1	158	1051969	24685	9	6	1	0
56	11250731375974955216	hard	2	-2	0.5	127	887713	24549	5	3	0	0
56	11250731375974955216	hard	2	-5	0.5	85	547357	27686	3	1	0	0
57	4204702121588602085	hard	2	-7	0.5	70	413334	21568	5	4	0	0
57	4204702121588602085	hard	2	25	0.5	95	538851	33898	3	1	0	0
58	15605416940911800570	hard	2	-22.5	1	70	332193	17955	5	2	0	0
58	15605416940911800570	hard	2	2	0.5	84	440004	18100	5	1	1	0
59	8559387686525447439	hard	2	-3.5	0.5	187	1198673	20855	5	2	1	0
59	8559387686525447439	hard	2	0	0.5	116	726737	18327	8	4	1	0
60	1513358432139094308	hard	2	-28	1	146	1060457	21090	6	2	2	0
60	1513358432139094308	hard	2	12	0.5	152	904564	24590	8	5	1	0
61	12914073251462292793	hard	2	-37	0.5	99	655633	20780	5	3	1	0
61	12914073251462292793	hard	2	2.5	0.5	144	914346	19069	5	2	1	0
62	5868043997075939662	hard	2	-21	1	124	804748	19122	8	4	1	0
62	5868043997075939662	hard	2	-30.5	1	153	967701	18326	8	6	1	0
63	17268758816399138147	hard	2	-5.5	0.5	172	1054368	17347	7	5	1	0
63	17268758816399138147	hard	2	26.5	0.5	137	787509	17927	7	4	1	0
64	10222729562012785016	hard	2	-13	0.5	140	823056	17438	4	1	1	0
64	10222729562012785016	hard	2	-9.5	0.5	138	775724	15240	6	4	1	0
65	3176700307626431885	hard	2	18.5	0.5	208	1369834	22004	10	6	0	0
65	3176700307626431885	hard	2	4	0.5	174	1192424	21098	9	5	1	0
66	14577415126949630370	hard	2	-52.5	1	132	886143	25628	7	6	0	0
66	14577415126949630370	hard	2	-2.5	0.5	119	740633	23886	5	3	0	0
67	7531385872563277239	hard	2	-25	0.5	145	936789	23426	4	2	1	0
67	7531385872563277239	hard	2	-18.5	0.5	112	599910	16298	7	4	0	0
68	485356618176924108	hard	2	-40	1	107	666047	20851	8	6	0	0
68	485356618176924108	hard	2	-17	1	106	582577	16007	9	5	0	0
69	11886071437500122593	hard	2	8.5	0.5	133	889161	17329	11	6	2	0
69	11886071437500122593	hard	2	-44.5	1	185	1244625	34357	7	5	2	0
70	4840042183113769462	hard	2	-2	0.5	214	1463509	19554	8	6	0	0
70	4840042183113769462	hard	2	-43	1	158	1000468	21958	5	4	1	0
71	16240757002436967947	hard	2	-17	0.5	133	866052	19587	8	6	1	0
71	16240757002436967947	hard	2	12.5	0.5	208	1332086	21643	11	7	2	0
72	9194727748050614816	hard	2	-0.5	0.5	159	1114633	24592	7	3	1	0
72	9194727748050614816	hard	2	-67.5	1	130	658610	17095	3	3	0	0
73	2148698493664261685	hard	2	-7	0.5	155	998493	17332	9	6	1	0
73	2148698493664261685	hard	2	-20.5	0.5	130	753112	19472	6	5	0	0
74	13549413312987460170	hard	2	-45.5	1	93	568272	18435	3	1	1	0
74	13549413312987460170	hard	2	-18.5	0.5	62	416013	21043	6	2	0	0
75	6503384058601107039	hard	2	9	0.5	171	1250309	49691	12	7	2	0
75	6503384058601107039	hard	2	17.5	0.5	165	1123105	19305	7	4	0	0
76	17904098877924305524	hard	2	-50.5	1	133	718842	19119	6	4	1	0
76	17904098877924305524	hard	2	-12	0.5	88	519082	20707	2	1	0	0
77	10858069623537952393	hard	2	-42	1	149	863857	17691	4	4	0	0
77	10858069623537952393	hard	2	1	0.5	120	633532	17437	6	3	1	0
78	3812040369151599262	hard	2	-40.5	1	70	387155	15382	6	4	0	0
78	3812040369151599262	hard	2	17	0.5	94	516542	18081	7	5	0	0
79	15212755188474797747	hard	2	11.5	0.5	128	905084	23814	5	2	0	0
79	15212755188474797747	hard	2	-22	1	143	833344	17030	6	2	1	0
80	8166725934088444616	hard	2	7.5	0.5	123	778084	17903	7	4	1	0
80	8166725934088444616	hard	2	-19	1	89	487316	16416	7	3	1	0
81	1120696679702091485	hard	2	-21.5	1	128	752058	19519	4	2	1	0
81	1120696679702091485	hard	2	-14.5	1	117	648519	21097	3	2	0	0
82	12521411499025289970	hard	2	19	0.5	99	686167	18200	2	2	0	0
82	12521411499025289970	hard	2	-13.5	1	119	811570	18668	5	4	0	0
83	5475382244638936839	hard	2	-2.5	0.5	173	1202536	21817	3	1	2	0
83	5475382244638936839	hard	2	-21.5	1	127	788491	19828	5	3	0	0
84	16876097063962135324	hard	2	7.5	0.5	150	889944	17623	8	7	1	0
84	16876097063962135324	hard	2	21.5	0.5	171	1038370	20252	8	6	1	0
85	9830067809575782193	hard	2	-7.5	0.5	126	736773	26608	6	4	0	0
85	9830067809575782193	hard	2	-21	0.5	113	656189	21027	8	4	1	0
86	2784038555189429062	hard	2	-38.5	1	77	470364	17971	8	5	2	0
86	2784038555189429062	hard	2	-44.5	1	87	531910	17988	7	5	1	0
87	14184753374512627547	hard	2	-34	1	113	703443	18967	4	3	0	0
87	14184753374512627547	hard	2	-28.5	1	137	877578	28723	5	3	0	0
88	7138724120126274416	hard	2	-25.5	1	163	1216066	20386	5	2	0	0
88	7138724120126274416	hard	2	-29.5	1	138	983408	22573	5	2	1	0
89	92694865739921285	hard	2	-54.5	1	81	460479	17907	5	4	1	0
89	92694865739921285	hard	2	-3.5	0.5	130	669101	19145	6	4	1	0
90	11493409685063119770	hard	2	-50.5	1	83	496083	19794	6	5	0	0
90	11493409685063119770	hard	2	-36	1	70	338348	15141	5	3	0	0
91	4447380430676766639	hard	2	-25	1	162	901212	18805	8	6	1	0
91	4447380430676766639	hard	2	-35	1	131	722465	21430	9	9	0	0
92	15848095249999965124	hard	2	-33	1	127	762699	16680	7	4	0	0
92	15848095249999965124	hard	2	-30.5	1	157	875018	18882	8	6	0	0
93	8802065995613611993	hard	2	-25.5	0.5	116	636802	17386	7	7	1	0
93	8802065995613611993	hard	2	-19.5	0.5	49	221350	16470	4	4	0	0
94	1756036741227258862	hard	2	-9.5	0.5	91	553166	17915	6	5	0	0
94	1756036741227258862	hard	2	-12.5	0.5	62	336649	15489	5	4	0	0
95	13156751560550457347	hard	2	22	0	121	848680	21882	6	3	0	0
95	13156751560550457347	hard	2	-0.5	0.5	153	1039966	18475	8	5	1	0
96	6110722306164104216	hard	2	-37.5	1	120	785310	16604	6	5	1	0
96	6110722306164104216	hard	2	-18	1	120	726416	19020	8	6	1	0
97	17511437125487302701	hard	2	4	0.5	141	954471	27279	4	3	1	0
97	17511437125487302701	hard	2	-35	1	110	576240	16636	3	3	1	0
98	10465407871100949570	hard	2	-14	0.5	131	715785	20959	1	1	0	0
98	10465407871100949570	hard	2	-65	1	119	639851	16430	3	3	0	0
99	3419378616714596439	hard	2	60.5	0	105	776570	23020	8	2	0	0
99	3419378616714596439	hard	2	-19	1	128	862550	18727	6	3	0	0
100	14820093436037794924	hard	2	-57.5	1	80	500373	22099	6	4	1	0
100	14820093436037794924	hard	2	-9.5	0.5	93	517100	18423	3	3	0	0
101	7774064181651441793	hard	2	3	0.5	147	894324	21872	7	3	1	0
101	7774064181651441793	hard	2	8	0.5	71	443849	23451	5	2	0	0
102	728034927265088662	hard	2	13	0.5	95	614218	16702	9	4	1	0
102	728034927265088662	hard	2	-16	1	143	865087	17956	8	5	1	0
103	12128749746588287147	hard	2	-27.5	1	108	745134	16431	5	3	0	0
103	12128749746588287147	hard	2	-39	1	96	590815	18083	5	4	0	0
104	5082720492201934016	hard	2	31.5	0.5	117	775378	20888	5	2	0	0
104	5082720492201934016	hard	2	-18.5	0.5	188	1159095	22013	4	4	1	0
105	16483435311525132501	hard	2	-66.5	1	159	1058148	22329	5	3	2	0
105	16483435311525132501	hard	2	-3	0.5	151	1055788	22989	7	6	1	0
106	9437406057138779370	hard	2	-32.5	0.5	85	491668	19419	4	3	0	0
106	9437406057138779370	hard	2	-5.5	0.5	100	485363	16737	7	5	1	0
107	2391376802752426239	hard	2	0.5	0.5	170	1233878	21080	11	6	1	0
107	2391376802752426239	hard	2	25	0.5	201	1403917	20337	11	8	0	0
108	13792091622075624724	hard	2	-48	1	95	594497	17079	4	3	0	0
108	13792091622075624724	hard	2	-70	1	102	565897	17193	4	4	0	0
109	6746062367689271593	hard	2	-31	1	143	1006995	17670	9	6	1	0
109	6746062367689271593	hard	2	47.5	0	129	858167	17804	6	3	0	0
110	18146777187012470078	hard	2	-37.5	1	79	517521	22935	5	3	0	0
110	18146777187012470078	hard	2	-14.5	1	64	381431	21354	4	0	1	0
111	11100747932626116947	hard	2	-43.5	1	127	803654	18016	9	6	1	0
111	11100747932626116947	hard	2	47	0	70	342774	16427	4	1	0	0
112	4054718678239763816	hard	2	-39.5	1	94	620646	19114	3	2	0	0
112	4054718678239763816	hard	2	-4	0.5	97	641302	20154	6	3	0	0
113	15455433497562962301	hard	2	32	0.5	89	570692	18576	3	0	0	0
113	15455433497562962301	hard	2	-11.5	0.5	123	794663	18126	8	5	1	0
114	8409404243176609170	hard	2	-29.5	0.5	129	837419	18883	7	6	2	0
114	8409404243176609170	hard	2	-14.5	1	72	449208	23161	6	4	0	0
115	1363374988790256039	hard	2	-34	1	127	938735	24372	4	2	1	0
115	1363374988790256039	hard	2	-39.5	1	81	612860	22709	4	2	0	0
116	12764089808113454524	hard	2	-7.5	0.5	146	952869	21807	11	7	1	0
116	12764089808113454524	hard	2	14	0.5	111	633276	20960	4	2	0	0
117	5718060553727101393	hard	2	-39.5	1	119	694769	20455	7	5	1	0
117	5718060553727101393	hard	2	-32.5	1	68	326352	16317	4	3	0	0
118	17118775373050299878	hard	2	-15	0.5	124	896502	26974	5	4	0	0
118	17118775373050299878	hard	2	7	0.5	95	621396	21829	5	2	0	0
119	10072746118663946747	hard	2	10	0.5	61	340391	16885	3	3	0	0
119	10072746118663946747	hard	2	6	0.5	71	399381	16556	4	3	0	0
120	3026716864277593616	hard	2	27.5	0	90	629574	29085	4	1	0	0
120	3026716864277593616	hard	2	3	0.5	114	794015	21520	4	3	0	0
121	14427431683600792101	hard	2	10.5	0.5	100	642744	17346	4	4	0	0
121	14427431683600792101	hard	2	8	0.5	92	505943	18429	5	5	0	0
122	7381402429214438970	hard	2	45	0.5	109	662387	17853	7	4	0	0
122	7381402429214438970	hard	2	14	0.5	143	726727	16949	2	0	1	0
123	335373174828085839	hard	2	-5.5	0.5	66	359691	21857	5	3	0	0
123	335373174828085839	hard	2	-4	0.5	75	387966	14659	5	3	0	0
124	11736087994151284324	hard	2	-41	1	87	519205	16940	6	4	0	0
124	11736087994151284324	hard	2	-6.5	0.5	114	656387	16824	4	3	1	0
125	4690058739764931193	hard	2	-17.5	1	167	1401480	35383	6	3	1	0
125	4690058739764931193	hard	2	-36.5	1	162	1079857	22850	6	4	1	0
126	16090773559088129678	hard	2	-36	1	143	915540	20375	5	3	1	0
126	16090773559088129678	hard	2	-40.5	1	161	1000480	19904	5	3	1	0
127	9044744304701776547	hard	2	-11	1	123	834509	24268	7	3	0	0
127	9044744304701776547	hard	2	9	0.5	112	681606	18692	6	3	0	0
128	1998715050315423416	hard	2	3.5	0.5	98	504223	14466	9	6	1	0
128	1998715050315423416	hard	2	-39	1	91	469441	16706	7	6	0	0
129	13399429869638621901	hard	2	-3.5	0.5	186	1148154	19771	10	5	1	0
129	13399429869638621901	hard	2	-16.5	0.5	188	1072379	19975	5	3	2	0
130	6353400615252268770	hard	2	11.5	0.5	100	516484	14914	5	3	0	0
130	6353400615252268770	hard	2	10	0.5	104	517879	14508	5	3	0	0
131	17754115434575467255	hard	2	-32.5	1	156	1354523	32810	7	6	1	0
131	17754115434575467255	hard	2	-1.5	0.5	136	727807	16547	8	7	0	0
132	10708086180189114124	hard	2	-20.5	1	113	655913	17187	6	4	0	0
132	10708086180189114124	hard	2	-40.5	1	102	557963	21561	4	3	1	0
133	3662056925802760993	hard	2	-43.5	1	89	568804	22201	4	3	0	0
133	3662056925802760993	hard	2	-42.5	1	93	557684	18381	5	2	1	0
134	15062771745125959478	hard	2	-33.5	1	143	977247	21218	9	7	1	0
134	15062771745125959478	hard	2	-17.5	1	100	533082	17599	4	1	1	0
135	8016742490739606347	hard	2	-38	1	88	603269	19252	3	2	0	0
135	8016742490739606347	hard	2	20.5	0.5	175	1047569	18863	8	5	1	0
136	970713236353253216	hard	2	-59	1	137	832511	20515	8	7	1	0
136	970713236353253216	hard	2	-22	0.5	59	312657	16739	5	3	0	0
137	12371428055676451701	hard	2	1	0.5	107	773775	26036	4	3	0	0
137	12371428055676451701	hard	2	-49.5	1	136	832575	18011	8	7	0	0
138	5325398801290098570	hard	2	-77.5	1	76	453140	14830	3	3	0	0
138	5325398801290098570	hard	2	-52	1	95	500405	16121	4	3	0	0
139	16726113620613297055	hard	2	3	0.5	56	290560	14333	7	3	0	0
139	16726113620613297055	hard	2	-41.5	1	120	597662	14486	9	5	1	0
140	9680084366226943924	hard	2	-60.5	1	152	913285	17701	4	3	0	0
140	9680084366226943924	hard	2	-18.5	0.5	94	575037	25008	3	2	0	0
141	2634055111840590793	hard	2	-21.5	1	148	1010621	24604	5	4	0	0
141	2634055111840590793	hard	2	-40	1	129	730456	16967	6	4	1	0
142	14034769931163789278	hard	2	-44	1	60	266728	14908	4	3	0	0
142	14034769931163789278	hard	2	-28.5	1	51	205316	17302	4	1	0	0
143	6988740676777436147	hard	2	4	0.5	112	692494	17722	5	2	0	0
143	6988740676777436147	hard	2	-2.5	0.5	120	714321	17404	7	3	1	0
144	18389455496100634632	hard	2	-12	1	164	988813	18915	8	3	1	0
144	18389455496100634632	hard	2	-2.5	0.5	134	746639	16125	6	3	0	0
145	11343426241714281501	hard	2	-28	1	124	821435	22507	6	4	1	0
145	11343426241714281501	hard	2	8	0.5	83	523255	20767	3	2	0	0
146	4297396987327928370	hard	2	-29.5	1	156	1096033	23709	9	5	1	0
146	4297396987327928370	hard	2	5	0.5	193	1079160	17108	8	5	1	0
147	15698111806651126855	hard	2	7	0.5	96	581001	18565	8	5	0	0
147	15698111806651126855	hard	2	-5.5	0.5	98	589982	19826	7	4	0	0
148	8652082552264773724	hard	2	-57	1	110	668976	18121	7	4	1	0
148	8652082552264773724	hard	2	-37.5	1	84	416819	15233	6	4	0	0
149	1606053297878420593	hard	2	-20	1	142	801171	18241	8	7	0	0
149	1606053297878420593	hard	2	-33.5	1	88	468144	17626	7	5	0	0
150	13006768117201619078	hard	2	-72.5	1	156	824857	14429	4	4	1	0
150	13006768117201619078	hard	2	-45.5	1	122	614294	15263	7	6	0	0
151	5960738862815265947	hard	2	29.5	0	157	999399	32079	8	5	1	0
151	5960738862815265947	hard	2	-18	1	121	683655	19519	6	4	1	0
152	17361453682138464432	hard	2	-4.5	0.5	85	472640	19061	6	3	0	0
152	17361453682138464432	hard	2	21	0	180	869795	18250	9	5	2	0
153	10315424427752111301	hard	2	-53	1	141	881082	22251	5	4	1	0
153	10315424427752111301	hard	2	5	0.5	144	889468	17825	7	3	1	0
154	3269395173365758170	hard	2	1.5	0.5	168	1097520	19626	5	4	1	0
154	3269395173365758170	hard	2	-43.5	1	165	1006800	18272	9	9	0	0
155	14670109992688956655	hard	2	1.5	0.5	161	983676	17520	9	6	1	0
155	14670109992688956655	hard	2	-16	1	105	565012	17119	5	3	0	0
156	7624080738302603524	hard	2	0.5	0.5	90	488696	19374	4	2	0	0
156	7624080738302603524	hard	2	28.5	0.5	100	521219	17171	5	2	0	0
157	578051483916250393	hard	2	20.5	0	212	1289010	18790	8	6	1	0
157	578051483916250393	hard	2	-33.5	1	162	935752	16831	7	6	1	0
158	11978766303239448878	hard	2	-38	1	114	699377	15915	8	5	1	0
158	11978766303239448878	hard	2	-12.5	0.5	91	489715	15686	8	5	1	0
159	4932737048853095747	hard	2	19	0.5	121	798753	18969	3	0	0	0
159	4932737048853095747	hard	2	53.5	0	133	809431	18891	6	2	0	0
160	16333451868176294232	hard	2	-2	0.5	202	1256429	20937	9	7	1	0
160	16333451868176294232	hard	2	-38	1	128	782454	22432	6	3	1	0
161	9287422613789941101	hard	2	-23	1	167	1103033	20576	5	3	2	0
161	9287422613789941101	hard	2	62	0	137	824974	19535	4	2	1	0
162	2241393359403587970	hard	2	8	0.5	98	514255	16531	5	2	1	0
162	2241393359403587970	hard	2	0	0.5	127	675975	21639	8	6	1	0
163	13642108178726786455	hard	2	-42	1	113	651820	16432	8	6	0	0
163	13642108178726786455	hard	2	1	0.5	83	413718	17829	6	3	0	0
164	6596078924340433324	hard	2	0	0.5	98	659807	26327	7	4	0	0
164	6596078924340433324	hard	2	37.5	0.5	71	439077	19267	4	1	0	0
165	17996793743663631809	hard	2	11	0.5	95	618696	21952	5	3	0	0
165	17996793743663631809	hard	2	-6	0.5	83	447636	16627	5	3	1	0
166	10950764489277278678	hard	2	-42	1	99	670633	19503	6	3	1	0
166	10950764489277278678	hard	2	41.5	0	129	806657	16331	5	2	0	0
167	3904735234890925547	hard	2	19	0.5	98	586824	15669	7	4	0	0
167	3904735234890925547	hard	2	20	0.5	154	807665	19265	7	4	1	0
168	15305450054214124032	hard	2	-34	1	119	809178	21943	6	5	0	0
168	15305450054214124032	hard	2	-43	1	133	847594	19281	7	6	0	0
169	8259420799827770901	hard	2	-27.5	1	70	419222	17070	6	3	0	0
169	8259420799827770901	hard	2	-10	0.5	161	962112	20593	7	5	1	0
170	1213391545441417770	hard	2	-9.5	0.5	98	637840	27383	6	4	0	0
170	1213391545441417770	hard	2	-42	1	65	315215	17605	5	2	1	0
171	12614106364764616255	hard	2	-25	0.5	125	774193	20220	7	6	0	0
171	12614106364764616255	hard	2	-32.5	0.5	174	1029523	19577	4	4	0	0
172	5568077110378263124	hard	2	-43	1	115	702608	15569	10	7	1	0
172	5568077110378263124	hard	2	-40	1	119	732716	16872	6	4	1	0
173	16968791929701461609	hard	2	-17.5	1	108	615958	19657	5	2	0	0
173	16968791929701461609	hard	2	-19	0.5	101	582662	17918	3	1	0	0
174	9922762675315108478	hard	2	-7	0.5	142	867054	17381	7	4	1	0
174	9922762675315108478	hard	2	-21.5	0.5	155	901823	19435	6	4	1	0
175	2876733420928755347	hard	2	-29	0.5	113	682085	19919	5	4	0	0
175	2876733420928755347	hard	2	-22.5	1	111	686022	22870	6	4	1	0
176	14277448240251953832	hard	2	-30	1	80	486417	17174	7	4	0	0
176	14277448240251953832	hard	2	-41	1	157	915891	19931	8	6	0	0
177	7231418985865600701	hard	2	-16	1	119	830291	18751	7	2	1	0
177	7231418985865600701	hard	2	2.5	0.5	74	401252	15548	5	2	1	0
178	185389731479247570	hard	2	53.5	0	121	701169	19090	2	1	0	0
178	185389731479247570	hard	2	-36	1	92	485773	16439	3	2	0	0
179	11586104550802446055	hard	2	-6	0.5	114	695497	19333	6	5	0	0
179	11586104550802446055	hard	2	-11.5	1	224	1349933	27439	7	6	1	0
180	4540075296416092924	hard	2	-28	1	145	979370	20571	5	4	0	0
180	4540075296416092924	hard	2	1.5	0.5	148	1042914	23189	4	0	1	0
181	15940790115739291409	hard	2	-30	1	194	1181400	20481	7	6	1	0
181	15940790115739291409	hard	2	-15.5	0.5	150	900130	19289	6	5	0	0
182	8894760861352938278	hard	2	-13.5	1	110	665060	18364	6	5	0	0
182	8894760861352938278	hard	2	6	0.5	66	315946	18956	4	2	0	0
183	1848731606966585147	hard	2	-20.5	1	146	910657	17463	9	4	1	0
183	1848731606966585147	hard	2	-28.5	1	152	935326	18837	10	6	1	0
184	13249446426289783632	hard	2	-28	0.5	84	449888	16690	6	5	1	0
184	13249446426289783632	hard	2	14	0.5	70	337489	16220	5	3	0	0
185	6203417171903430501	hard	2	49	0	165	1076896	19826	10	6	1	0
185	6203417171903430501	hard	2	-34.5	1	175	966614	15279	11	8	1	0
186	17604131991226628986	hard	2	-64.5	1	162	1185642	22368	8	7	0	0
186	17604131991226628986	hard	2	9.5	0.5	160	1026036	18264	8	4	0	0
187	10558102736840275855	hard	2	-45	1	144	847068	17794	6	5	0	0
187	10558102736840275855	hard	2	-10.5	0.5	100	642414	19984	6	4	0	0
188	3512073482453922724	hard	2	14	0.5	88	496591	17200	4	2	0	0
188	3512073482453922724	hard	2	14.5	0.5	72	380200	18152	4	3	0	0
189	14912788301777121209	hard	2	-6	1	187	1333696	29321	7	4	0	0
189	14912788301777121209	hard	2	-18.5	1	196	1297288	18714	9	5	2	0
190	7866759047390768078	hard	2	-6.5	0.5	129	865497	22837	6	2	1	0
190	7866759047390768078	hard	2	-45.5	1	149	865037	18310	3	2	0	0
191	820729793004414947	hard	2	-49.5	1	111	694139	19436	4	3	0	0
191	820729793004414947	hard	2	-31	1	87	534459	22622	5	3	0	0
192	12221444612327613432	hard	2	-19.5	1	114	804683	21071	5	2	1	0
192	12221444612327613432	hard	2	-40.5	1	110	763628	22042	7	6	0	0
193	5175415357941260301	hard	2	-35.5	1	150	887369	15838	7	4	1	0
193	5175415357941260301	hard	2	12.5	0.5	107	625687	16289	6	3	0	0
194	16576130177264458786	hard	2	6	0.5	84	491254	16273	6	0	0	0
194	16576130177264458786	hard	2	-57	1	77	392059	14752	6	4	0	0
195	9530100922878105655	hard	2	-28.5	1	170	1179776	21862	9	5	1	0
195	9530100922878105655	hard	2	-16.5	1	123	803257	17111	6	3	0	0
196	2484071668491752524	hard	2	16	0	118	750525	20577	4	1	0	0
196	2484071668491752524	hard	2	-33.5	1	139	880206	20200	7	4	1	0
197	13884786487814951009	hard	2	-3.5	0.5	87	501173	15398	5	3	1	0
197	13884786487814951009	hard	2	-6.5	0.5	111	592246	16318	5	2	1	0
198	6838757233428597878	hard	2	-4.5	0.5	64	351116	18282	5	3	0	0
198	6838757233428597878	hard	2	-81	1	109	623241	15772	8	6	1	0
199	18239472052751796363	hard	2	-26	1	76	464411	26019	6	4	0	0
199	18239472052751796363	hard	2	-1.5	0.5	108	648765	16590	8	5	1	0
200	11193442798365443232	hard	2	-42.5	1	147	819111	19795	8	7	1	0
200	11193442798365443232	hard	2	-39	1	121	656876	15440	8	7	0	0
201	4147413543979090101	hard	2	3.5	0.5	108	678676	18395	4	3	0	0
201	4147413543979090101	hard	2	-26.5	1	110	722614	17623	5	2	0	0
202	15548128363302288586	hard	2	1	0.5	194	1335726	19978	6	4	0	0
202	15548128363302288586	hard	2	-66	1	248	1476275	18497	7	7	1	0
203	8502099108915935455	hard	2	-46	1	92	686595	22584	7	5	1	0
203	8502099108915935455	hard	2	-46.5	1	113	738175	21678	5	3	0	0
204	1456069854529582324	hard	2	-29.5	1	102	650084	18495	6	2	1	0
204	1456069854529582324	hard	2	-15	1	114	750274	18857	4	1	1	0
205	12856784673852780809	hard	2	1.5	0.5	112	669726	16727	8	4	1	0
205	12856784673852780809	hard	2	3.5	0.5	118	704160	17247	6	4	0	0
206	5810755419466427678	hard	2	-34	1	155	1064171	21467	9	8	0	0
206	5810755419466427678	hard	2	14.5	0.5	136	733422	17125	11	5	1	0
207	17211470238789626163	hard	2	-25.5	1	86	522920	16974	3	1	0	0
207	17211470238789626163	hard	2	-43.5	1	121	691547	17468	6	4	1	0
208	10165440984403273032	hard	2	6.5	0.5	151	969235	19523	6	4	1	0
208	10165440984403273032	hard	2	-3.5	0.5	110	625118	23639	8	7	0	0
209	3119411730016919901	hard	2	-40	1	87	585706	19131	8	3	1	0
209	3119411730016919901	hard	2	-20	1	81	480168	18453	6	2	1	0
210	14520126549340118386	hard	2	-6	0.5	122	798559	18241	9	6	1	0
210	14520126549340118386	hard	2	-8	1	127	790773	23720	8	5	0	0
211	7474097294953765255	hard	2	-8	0.5	94	615563	19160	7	4	1	0
211	7474097294953765255	hard	2	23	0.5	111	592955	17124	6	4	0	0
212	428068040567412124	hard	2	-33	1	91	493864	16661	6	3	1	0
212	428068040567412124	hard	2	-41.5	1	108	541341	15674	5	2	1	0
213	11828782859890610609	hard	2	-33.5	1	191	1187993	19837	10	7	1	0
213	11828782859890610609	hard	2	-58	1	174	1037466	26613	7	7	0	0
214	4782753605504257478	hard	2	24	0.5	104	612090	17256	7	4	0	0
214	4782753605504257478	hard	2	-4.5	0.5	146	904731	19692	4	2	0	0
215	16183468424827455963	hard	2	-38	1	121	702768	20290	7	4	1	0
215	16183468424827455963	hard	2	7	0.5	126	663927	16561	6	4	0	0
216	9137439170441102832	hard	2	-20	0.5	85	459574	16284	8	6	1	0
216	9137439170441102832	hard	2	-40.5	1	131	661387	17369	5	4	1	0
217	2091409916054749701	hard	2	-30.5	1	130	837382	19736	6	2	1	0
217	2091409916054749701	hard	2	-32.5	1	141	875579	19376	5	3	0	0
218	13492124735377948186	hard	2	0	0.5	82	463057	18630	5	3	0	0
218	13492124735377948186	hard	2	8	0.5	151	862147	19120	9	6	1	0
219	6446095480991595055	hard	2	2	0.5	110	635124	16205	5	3	0	0
219	6446095480991595055	hard	2	-27	1	122	747532	17967	6	4	2	0
220	17846810300314793540	hard	2	-29.5	1	137	1423906	46271	4	0	1	0
220	17846810300314793540	hard	2	-18.5	1	144	813725	16823	5	2	1	0
221	10800781045928440409	hard	2	-14	1	121	853976	26880	7	5	0	0
221	10800781045928440409	hard	2	-4	0.5	102	661238	16007	7	3	0	0
222	3754751791542087278	hard	2	-26	1	150	885892	16844	6	3	0	0
222	3754751791542087278	hard	2	-15.5	0.5	195	1051710	17109	4	3	1	0
223	15155466610865285763	hard	2	-28	0.5	142	910229	19942	8	6	1	0
223	15155466610865285763	hard	2	4.5	0.5	57	323987	15600	4	2	0	0
224	8109437356478932632	hard	2	-32.5	1	131	836685	19059	4	1	0	0
224	8109437356478932632	hard	2	-49.5	1	165	983788	20643	5	3	1	0
225	1063408102092579501	hard	2	-62	1	110	701656	16248	6	6	0	0
225	1063408102092579501	hard	2	-35.5	1	124	758775	17192	7	4	1	0
226	12464122921415777986	hard	2	-54.5	1	119	698488	22112	6	6	0	0
226	12464122921415777986	hard	2	0	0.5	135	699072	15483	6	5	0	0
227	5418093667029424855	hard	2	-51.5	1	97	558778	15320	4	3	0	0
227	5418093667029424855	hard	2	-33.5	1	90	464413	15421	2	1	0	0
228	16818808486352623340	hard	2	-2	0.5	108	649583	17534	3	2	0	0
228	16818808486352623340	hard	2	4.5	0.5	151	848835	17461	5	3	0	0
229	9772779231966270209	hard	2	-11.5	1	130	682058	15411	5	3	0	0
229	9772779231966270209	hard	2	-43	1	167	994576	30549	4	4	0	0
230	2726749977579917078	hard	2	28.5	0.5	74	445979	15879	6	1	1	0
230	2726749977579917078	hard	2	18	0.5	79	481248	17901	5	1	1	0
231	14127464796903115563	hard	2	-25	1	114	784687	19445	6	3	0	0
231	14127464796903115563	hard	2	-7.5	0.5	149	943424	16070	8	5	1	0
232	7081435542516762432	hard	2	-8.5	0.5	176	1201309	20151	6	4	1	0
232	7081435542516762432	hard	2	-4	0.5	230	1475168	19031	6	5	1	0
233	35406288130409301	hard	2	-29	1	132	853228	22791	6	4	0	0
233	35406288130409301	hard	2	-8	1	156	1011010	20678	8	5	1	0
234	11436121107453607786	hard	2	-26.5	1	130	887415	23425	11	7	1	0
234	11436121107453607786	hard	2	-42.5	0.5	146	817060	17083	5	4	1	0
235	4390091853067254655	hard	2	-45	1	173	996777	18997	8	7	1	0
235	4390091853067254655	hard	2	14	0.5	186	1062628	20804	8	5	1	0
236	15790806672390453140	hard	2	-3	0.5	100	588674	17655	4	1	0	0
236	15790806672390453140	hard	2	-5	0.5	125	698940	19621	4	2	1	0
237	8744777418004100009	hard	2	11	0.5	119	981693	204388	3	0	1	0
237	8744777418004100009	hard	2	-8	1	87	473778	16269	4	1	0	0
238	1698748163617746878	hard	2	-7	0.5	84	652412	28454	6	4	0	0
238	1698748163617746878	hard	2	39	0	119	766167	19833	5	2	1	0
239	13099462982940945363	hard	2	-51.5	1	93	562697	18060	7	4	1	0
239	13099462982940945363	hard	2	-39	1	110	566613	14501	6	3	0	0
240	6053433728554592232	hard	2	-63.5	1	110	670298	19163	7	6	0	0
240	6053433728554592232	hard	2	-27.5	0.5	121	684831	17705	6	5	0	0
241	17454148547877790717	hard	2	-31	0.5	122	713445	18277	7	6	0	0
241	17454148547877790717	hard	2	54	0	159	891530	23116	4	3	0	0
242	10408119293491437586	hard	2	-15	1	148	992796	23570	9	5	0	0
242	10408119293491437586	hard	2	-25.5	1	191	1247445	24733	9	5	1	0
243	3362090039105084455	hard	2	-58.5	1	114	646852	18227	4	3	0	0
243	3362090039105084455	hard	2	-75	1	132	790450	18016	4	2	1	0
244	14762804858428282940	hard	2	7	0.5	152	875615	17271	6	3	0	0
244	14762804858428282940	hard	2	-15.5	0.5	234	1293858	23019	9	6	1	0
245	7716775604041929809	hard	2	-21.5	1	222	1459316	20267	9	6	1	0
245	7716775604041929809	hard	2	-35.5	1	124	793792	17730	7	3	2	0
246	670746349655576678	hard	2	-19.5	1	128	839944	18292	9	4	2	0
246	670746349655576678	hard	2	-60.5	1	147	843318	16389	8	7	1	0
247	12071461168978775163	hard	2	-56	1	80	480021	22144	3	3	0	0
247	12071461168978775163	hard	2	-48.5	1	98	552826	21015	3	2	0	0
248	5025431914592422032	hard	2	-37.5	1	155	992332	17607	6	5	0	0
248	5025431914592422032	hard	2	3.5	0.5	137	799154	20130	8	3	1	0
249	16426146733915620517	hard	2	-21.5	1	137	933544	19668	5	4	0	0
249	16426146733915620517	hard	2	18.5	0.5	125	696250	16744	5	4	0	0
250	9380117479529267386	hard	2	6	0.5	128	688932	16597	5	3	1	0
250	9380117479529267386	hard	2	-65.5	1	78	365568	13423	3	3	0	0
251	2334088225142914255	hard	2	16.5	0.5	163	1043748	22252	6	3	1	0
251	2334088225142914255	hard	2	-45	1	99	575588	17352	4	4	0	0
252	13734803044466112740	hard	2	-23	0.5	171	1078110	18160	7	7	1	0
252	13734803044466112740	hard	2	6	0.5	144	908030	21318	5	3	0	0
253	6688773790079759609	hard	2	-65.5	1	100	654326	19117	9	8	0	0
253	6688773790079759609	hard	2	-33	1	92	550546	19502	7	6	0	0
254	18089488609402958094	hard	2	-17.5	0.5	121	758492	16062	7	4	0	0
254	18089488609402958094	hard	2	-6	0.5	170	1024124	17345	6	5	0	0
255	11043459355016604963	hard	2	-32	0.5	156	1015238	19780	5	5	0	0
255	11043459355016604963	hard	2	18.5	0.5	133	856795	18661	5	4	0	0
256	3997430100630251832	hard	2	-18	0.5	103	610935	18310	6	4	0	0
256	3997430100630251832	hard	2	-4.5	0.5	103	594758	18252	7	4	0	0
257	15398144919953450317	hard	2	-1.5	0.5	196	1279729	18551	4	3	0	0
257	15398144919953450317	hard	2	-8.5	0.5	135	848736	18824	4	2	1	0
258	8352115665567097186	hard	2	17.5	0.5	91	504188	16685	7	4	1	0
258	8352115665567097186	hard	2	-8.5	0.5	141	752438	16709	9	7	1	0
259	1306086411180744055	hard	2	-1.5	0.5	114	679641	18839	7	3	1	0
259	1306086411180744055	hard	2	-36	1	111	658394	17788	8	5	1	0
260	12706801230503942540	hard	2	-50	1	89	585214	17120	6	4	0	0
260	12706801230503942540	hard	2	-13.5	0.5	107	641231	19627	4	4	0	0
261	5660771976117589409	hard	2	-45.5	1	97	533615	17791	2	1	1	0
261	5660771976117589409	hard	2	22	0.5	74	453713	18342	7	1	1	0
262	17061486795440787894	hard	2	-30	0.5	117	684578	18362	6	5	0	0
262	17061486795440787894	hard	2	-23	1	114	598579	17360	4	2	0	0
263	10015457541054434763	hard	2	1	0.5	104	646469	20820	6	4	0	0
263	10015457541054434763	hard	2	-24	1	104	582752	17087	5	2	1	0
264	2969428286668081632	hard	2	13	0.5	80	542778	16609	8	3	0	0
264	2969428286668081632	hard	2	-44.5	1	91	506817	16128	3	2	0	0
265	14370143105991280117	hard	2	15	0.5	141	905733	20507	9	7	1	0
265	14370143105991280117	hard	2	12.5	0.5	190	1091379	18811	7	3	2	0
266	7324113851604926986	hard	2	-20	0.5	97	611049	18396	9	6	0	0
266	7324113851604926986	hard	2	-41.5	1	155	829232	16528	5	4	1	0
267	278084597218573855	hard	2	-42	1	133	891323	24682	4	2	1	0
267	278084597218573855	hard	2	-53	1	108	709284	19488	3	3	0	0
268	11678799416541772340	hard	2	-8.5	0.5	165	1071873	17478	5	4	0	0
268	11678799416541772340	hard	2	2.5	0.5	89	521379	17459	5	3	1	0
269	4632770162155419209	hard	2	-17	0.5	101	656526	17787	6	5	0	0
269	4632770162155419209	hard	2	-24.5	0.5	103	549164	16036	5	5	0	0
270	16033484981478617694	hard	2	-17.5	0.5	82	515230	19490	4	4	0	0
270	16033484981478617694	hard	2	-36.5	0.5	76	460761	22100	4	4	0	0
271	8987455727092264563	hard	2	-57	1	188	1167286	21389	5	5	1	0
271	8987455727092264563	hard	2	-43	1	164	1015731	27273	6	4	1	0
272	1941426472705911432	hard	2	34	0	140	932034	22844	5	3	1	0
272	1941426472705911432	hard	2	-14.5	0.5	163	1018916	20369	3	3	1	0
273	13342141292029109917	hard	2	17	0.5	80	460591	14364	8	5	1	0
273	13342141292029109917	hard	2	-13.5	1	203	1203820	20629	11	9	2	0
274	6296112037642756786	hard	2	3.5	0.5	134	928671	18238	8	5	0	0
274	6296112037642756786	hard	2	-30.5	0.5	155	1131816	20302	7	4	1	0
275	17696826856965955271	hard	2	7	0.5	82	461850	16574	5	3	0	0
275	17696826856965955271	hard	2	-56.5	1	115	656146	17796	4	3	1	0
276	10650797602579602140	hard	2	-47.5	1	89	503929	15840	3	2	0	0
276	10650797602579602140	hard	2	-58	1	117	638079	16169	4	4	0	0
277	3604768348193249009	hard	2	0.5	0.5	115	788337	17540	6	4	0	0
277	3604768348193249009	hard	2	3.5	0.5	121	698158	18424	6	2	1	0
278	15005483167516447494	hard	2	-21	0.5	89	638374	21697	4	4	0	0
278	15005483167516447494	hard	2	-8.5	0.5	108	709552	21547	5	4	1	0
279	7959453913130094363	hard	2	-42.5	1	139	870635	19805	7	4	1	0
279	7959453913130094363	hard	2	-36	1	124	787911	17031	7	3	2	0
280	913424658743741232	hard	2	-3	0.5	215	1371962	20640	7	6	1	0
280	913424658743741232	hard	2	-4	0.5	117	693824	19216	10	7	0	0
281	12314139478066939717	hard	2	-39	1	96	593622	17676	5	4	0	0
281	12314139478066939717	hard	2	-36	1	100	588032	20499	5	4	0	0
282	5268110223680586586	hard	2	-48.5	1	100	587974	17413	4	3	0	0
282	5268110223680586586	hard	2	8.5	0.5	120	692563	19639	5	3	0	0
283	16668825043003785071	hard	2	-21	1	77	510407	21234	6	1	1	0
283	16668825043003785071	hard	2	-39.5	1	120	668835	16140	5	2	1	0
284	9622795788617431940	hard	2	19	0.5	66	411968	18595	4	2	0	0
284	9622795788617431940	hard	2	-45	1	93	498251	14874	5	3	0	0
285	2576766534231078809	hard	2	-20	1	117	758285	18021	8	5	0	0
285	2576766534231078809	hard	2	-24.5	1	128	777901	23878	6	1	1	0
286	13977481353554277294	hard	2	1.5	0.5	144	909478	17911	9	6	1	0
286	13977481353554277294	hard	2	-18	0.5	181	1134291	19744	6	4	1	0
287	6931452099167924163	hard	2	-30	0.5	91	584013	19623	8	4	1	0
287	6931452099167924163	hard	2	-10	0.5	73	435866	18210	5	2	0	0
288	18332166918491122648	hard	2	-42.5	1	132	888813	18048	6	5	0	0
288	18332166918491122648	hard	2	-54	1	133	848568	17953	5	4	1	0
289	11286137664104769517	hard	2	-28	0.5	147	862018	17009	6	2	1	0
289	11286137664104769517	hard	2	-27	0.5	146	896980	18038	3	2	0	0
290	4240108409718416386	hard	2	31.5	0	194	1249457	20405	4	2	0	0
290	4240108409718416386	hard	2	-4.5	0.5	149	920381	21231	5	2	0	0
291	15640823229041614871	hard	2	7	0.5	63	356544	19854	3	2	0	0
291	15640823229041614871	hard	2	-12	0.5	69	323823	18286	3	2	0	0
292	8594793974655261740	hard	2	-29.5	1	179	1142631	18543	3	3	1	0
292	8594793974655261740	hard	2	-33.5	1	151	857378	16900	6	5	1	0
293	1548764720268908609	hard	2	-41.5	1	122	784918	20222	5	2	0	0
293	1548764720268908609	hard	2	-25.5	0.5	135	762635	15299	8	7	0	0
294	12949479539592107094	hard	2	-20	1	119	817996	21044	7	5	1	0
294	12949479539592107094	hard	2	-17	1	96	544877	15949	9	6	0	0
295	5903450285205753963	hard	2	-28	0.5	148	1077186	21768	5	3	0	0
295	5903450285205753963	hard	2	-28.5	1	195	1175680	18701	5	3	0	0
296	17304165104528952448	hard	2	-17	1	101	643651	22114	4	4	0	0
296	17304165104528952448	hard	2	-13	1	85	717947	38433	6	4	1	0
297	10258135850142599317	hard	2	-36	1	86	560134	15325	7	5	0	0
297	10258135850142599317	hard	2	40.5	0	118	666141	19914	6	3	0	0
298	3212106595756246186	hard	2	-55.5	1	110	609847	17808	4	3	0	0
298	3212106595756246186	hard	2	-44.5	1	95	456646	13955	3	2	0	0
299	14612821415079444671	hard	2	9	0.5	154	945301	18221	10	4	2	0
299	14612821415079444671	hard	2	-41	1	184	1081535	23593	4	2	2	0
300	7566792160693091540	hard	2	-41.5	1	116	756874	18735	9	5	1	0
300	7566792160693091540	hard	2	-39.5	1	117	654643	18568	8	6	0	0
301	520762906306738409	hard	2	0	0.5	117	669456	18065	8	7	1	0
301	520762906306738409	hard	2	-21	0.5	130	776116	19489	6	5	1	0
302	11921477725629936894	hard	2	-36.5	0.5	100	614926	23168	9	8	0	0
302	11921477725629936894	hard	2	13.5	0.5	116	605571	21965	4	3	1	0
303	4875448471243583763	hard	2	-47	1	92	467231	14096	3	3	0	0
303	4875448471243583763	hard	2	-46	1	98	501935	13581	5	4	0	0
304	16276163290566782248	hard	2	-18	1	121	894943	20131	6	4	0	0
304	16276163290566782248	hard	2	-28	1	128	820065	20143	4	1	1	0
305	9230134036180429117	hard	2	-69.5	1	129	752541	20580	5	5	1	0
305	9230134036180429117	hard	2	-51	1	152	882748	18513	4	4	1	0
306	2184104781794075986	hard	2	-57.5	1	115	600331	17110	5	4	0	0
306	2184104781794075986	hard	2	-45.5	1	102	533600	15569	6	4	1	0
307	13584819601117274471	hard	2	-32	0.5	165	970632	17772	6	5	0	0
307	13584819601117274471	hard	2	-5.5	0.5	193	1087694	18462	6	4	0	0
308	6538790346730921340	hard	2	-28.5	1	90	449897	17578	4	2	0	0
308	6538790346730921340	hard	2	-14	0.5	147	807864	17463	8	6	1	0
309	17939505166054119825	hard	2	5.5	0.5	123	809513	16758	5	2	0	0
309	17939505166054119825	hard	2	-18	1	104	726746	22503	6	3	0	0
310	10893475911667766694	hard	2	-14.5	1	147	1018217	17962	8	5	1	0
310	10893475911667766694	hard	2	-18.5	1	195	1359402	22014	4	2	2	0
311	3847446657281413563	hard	2	-28	1	141	845054	16433	8	1	2	0
311	3847446657281413563	hard	2	25	0.5	129	692101	16289	6	2	0	0
312	15248161476604612048	hard	2	-21	1	86	574261	20315	4	2	0	0
312	15248161476604612048	hard	2	-13.5	0.5	81	559177	19987	5	2	1	0
313	8202132222218258917	hard	2	-15.5	0.5	94	539878	20484	5	3	0	0
313	8202132222218258917	hard	2	1.5	0.5	87	421763	18740	5	3	0	0
314	1156102967831905786	hard	2	-20	1	170	1057625	18572	8	7	0	0
314	1156102967831905786	hard	2	57.5	0	148	824896	19674	5	4	0	0
315	12556817787155104271	hard	2	35	0.5	182	1103522	16321	9	5	1	0
315	12556817787155104271	hard	2	-44.5	1	151	917406	19600	7	5	1	0
316	5510788532768751140	hard	2	-17.5	1	86	483315	19233	5	3	0	0
316	5510788532768751140	hard	2	24.5	0.5	44	189971	13024	4	2	0	0
317	16911503352091949625	hard	2	-23.5	1	107	607633	18957	6	3	0	0
317	16911503352091949625	hard	2	-28	1	111	542425	16885	6	3	0	0
318	9865474097705596494	hard	2	-46.5	1	138	869525	21481	9	6	1	0
318	9865474097705596494	hard	2	-0.5	0.5	80	438025	14457	6	3	0	0
319	2819444843319243363	hard	2	-35.5	1	114	791211	19677	9	7	0	0
319	2819444843319243363	hard	2	-22	0.5	118	667050	15625	5	4	1	0
320	14220159662642441848	hard	2	-42	1	76	495988	19013	4	2	0	0
320	14220159662642441848	hard	2	-65	1	79	474524	18198	6	5	0	0
321	7174130408256088717	hard	2	-45.5	1	106	605012	15795	7	5	0	0
321	7174130408256088717	hard	2	6.5	0.5	126	737380	20325	6	3	0	0
322	128101153869735586	hard	2	-8	0.5	106	679850	17190	7	5	0	0
322	128101153869735586	hard	2	-41	1	95	630651	22304	6	3	1	0
323	11528815973192934071	hard	2	-10	0.5	129	907222	18778	8	3	1	0
323	11528815973192934071	hard	2	9	0.5	127	906596	24095	10	3	2	0
324	4482786718806580940	hard	2	-19	0.5	177	1108696	20010	5	3	1	0
324	4482786718806580940	hard	2	-12	0.5	130	911033	25775	5	2	0	0
325	15883501538129779425	hard	2	-34.5	1	208	1263066	19948	5	3	1	0
325	15883501538129779425	hard	2	-23	1	112	651263	19627	7	4	0	0
326	8837472283743426294	hard	2	-12	0.5	182	1191062	24253	5	4	1	0
326	8837472283743426294	hard	2	29	0	186	1170513	18663	8	5	1	0
327	1791443029357073163	hard	2	-20	1	175	1022904	21085	6	3	1	0
327	1791443029357073163	hard	2	-45	1	100	495263	19339	8	6	0	0
328	13192157848680271648	hard	2	-23	1	68	421054	20635	5	2	0	0
328	13192157848680271648	hard	2	-45	1	89	500207	20963	6	4	0	0
329	6146128594293918517	hard	2	-14.5	0.5	158	989897	19716	7	7	0	0
329	6146128594293918517	hard	2	9	0.5	150	789949	16372	6	3	1	0
330	17546843413617117002	hard	2	17.5	0.5	113	745721	20037	6	1	1	0
330	17546843413617117002	hard	2	-17.5	0.5	115	590318	16493	7	4	1	0
331	10500814159230763871	hard	2	-1	0.5	50	318104	17386	5	3	0	0
331	10500814159230763871	hard	2	-37.5	1	76	505206	22180	6	4	0	0
332	3454784904844410740	hard	2	8	0.5	141	953524	24384	8	5	1	0
332	3454784904844410740	hard	2	32	0.5	129	822870	26654	4	1	1	0
333	14855499724167609225	hard	2	-26	1	140	970282	19421	9	6	1	0
333	14855499724167609225	hard	2	-25	1	136	871508	19028	6	3	1	0
334	7809470469781256094	hard	2	-4.5	0.5	198	1359288	21772	5	3	1	0
334	7809470469781256094	hard	2	-29	0.5	157	932643	19382	6	6	1	0
335	763441215394902963	hard	2	-14.5	0.5	126	754297	23033	5	3	0	0
335	763441215394902963	hard	2	-1	0.5	108	587079	18027	5	1	2	0
336	12164156034718101448	hard	2	-9.5	1	145	867070	18584	9	5	1	0
336	12164156034718101448	hard	2	-23	1	155	925332	19102	7	5	0	0
337	5118126780331748317	hard	2	-65.5	1	130	918728	21288	6	5	1	0
337	5118126780331748317	hard	2	-9.5	0.5	108	631542	16452	5	3	0	0
338	16518841599654946802	hard	2	-39.5	1	144	915996	21295	7	3	1	0
338	16518841599654946802	hard	2	-42	1	138	810731	17778	6	4	0	0
339	9472812345268593671	hard	2	-4.5	0.5	114	757411	19154	9	7	0	0
339	9472812345268593671	hard	2	-37.5	1	113	651182	19579	7	6	0	0
340	2426783090882240540	hard	2	-2	0.5	129	662928	16311	7	7	0	0
340	2426783090882240540	hard	2	14	0.5	89	479013	14676	3	2	0	0
341	13827497910205439025	hard	2	-51	1	92	609590	18625	9	5	1	0
341	13827497910205439025	hard	2	-56	1	92	566557	23545	8	5	0	0
342	6781468655819085894	hard	2	45	0	171	1105068	19249	9	4	1	0
342	6781468655819085894	hard	2	-26	1	105	700441	19011	3	1	0	0
343	18182183475142284379	hard	2	-13	1	165	1168266	19985	5	3	0	0
343	18182183475142284379	hard	2	-37	1	168	1059396	18417	9	7	1	0
344	11136154220755931248	hard	2	-43	1	98	574870	21873	5	4	0	0
344	11136154220755931248	hard	2	-44	1	124	681602	16980	7	6	0	0
345	4090124966369578117	hard	2	-74.5	1	50	240356	13978	4	4	0	0
345	4090124966369578117	hard	2	-26	1	85	447472	19111	3	2	1	0
346	15490839785692776602	hard	2	-3	0.5	115	699670	17433	5	2	0	0
346	15490839785692776602	hard	2	3	0.5	94	526274	15106	5	1	0	0
347	8444810531306423471	hard	2	-19.5	1	158	1024097	21540	11	7	1	0
347	8444810531306423471	hard	2	-14	0.5	102	540273	14945	5	4	1	0
348	1398781276920070340	hard	2	15.5	0.5	137	957305	23256	6	3	0	0
348	1398781276920070340	hard	2	10	0.5	218	1398953	23103	10	7	2	0
349	12799496096243268825	hard	2	-42.5	1	184	1196798	20623	10	8	1	0
349	12799496096243268825	hard	2	-26	1	106	577863	16543	5	3	1	0
350	5753466841856915694	hard	2	-30	0.5	145	936632	21214	7	4	1	0
350	5753466841856915694	hard	2	-4	0.5	121	765794	17340	5	3	0	0
351	17154181661180114179	hard	2	11	0.5	96	555251	17827	8	5	0	0
351	17154181661180114179	hard	2	-8.5	0.5	78	402098	19571	3	2	0	0
352	10108152406793761048	hard	2	-19.5	0.5	72	395128	19365	5	2	0	0
352	10108152406793761048	hard	2	-26	0.5	106	603298	17138	6	4	0	0
353	3062123152407407917	hard	2	-33	1	116	778231	16826	5	3	1	0
353	3062123152407407917	hard	2	-35.5	1	177	1093919	16854	6	5	1	0
354	14462837971730606402	hard	2	9	0.5	66	407726	16539	4	1	0	0
354	14462837971730606402	hard	2	-24	0.5	106	578751	17603	6	3	1	0
355	7416808717344253271	hard	2	34.5	0.5	75	411691	17495	5	4	0	0
355	7416808717344253271	hard	2	36	0.5	72	342269	14320	7	4	0	0
356	370779462957900140	hard	2	-49.5	1	143	836404	19967	4	2	1	0
356	370779462957900140	hard	2	-8	0.5	68	404696	22671	6	3	0	0
357	11771494282281098625	hard	2	-24.5	1	75	493037	20168	4	2	0	0
357	11771494282281098625	hard	2	-14	0.5	71	418383	18878	5	3	0	0
358	4725465027894745494	hard	2	13.5	0.5	155	1061913	18472	6	3	0	0
358	4725465027894745494	hard	2	-6	0.5	147	965583	21178	9	7	0	0
359	16126179847217943979	hard	2	-9.5	0.5	123	884210	20090	6	3	1	0
359	16126179847217943979	hard	2	-44	1	116	685485	16206	7	5	1	0
360	9080150592831590848	hard	2	-9.5	0.5	132	784030	18695	9	6	1	0
360	9080150592831590848	hard	2	-50	1	129	751762	18622	8	7	1	0
361	2034121338445237717	hard	2	-58.5	1	87	488105	18932	3	3	0	0
361	2034121338445237717	hard	2	-20.5	1	106	523897	16249	5	3	0	0
362	13434836157768436202	hard	2	-1.5	0.5	144	956920	19374	7	4	0	0
362	13434836157768436202	hard	2	-55	1	118	670551	15053	4	3	0	0
363	6388806903382083071	hard	2	-78	1	108	687023	21381	3	3	0	0
363	6388806903382083071	hard	2	-68.5	1	77	481784	17144	4	3	0	0
364	17789521722705281556	hard	2	-7	0.5	65	450872	18673	5	3	0	0
364	17789521722705281556	hard	2	0.5	0.5	91	530111	22815	7	6	0	0
365	10743492468318928425	hard	2	7	0.5	175	1112584	25040	5	3	1	0
365	10743492468318928425	hard	2	-4.5	0.5	202	1250565	23989	6	5	1	0
366	3697463213932575294	hard	2	-26.5	1	75	466111	21237	4	3	0	0
366	3697463213932575294	hard	2	2	0.5	52	282492	16012	4	3	0	0
367	15098178033255773779	hard	2	-28.5	0.5	66	378960	15995	5	5	0	0
367	15098178033255773779	hard	2	-30.5	0.5	103	609553	15694	7	5	0	0
368	8052148778869420648	hard	2	12	0.5	162	974735	18018	5	3	0	0
368	8052148778869420648	hard	2	-22.5	0.5	206	1115094	18233	5	4	0	0
369	1006119524483067517	hard	2	-44.5	1	115	749628	19829	5	3	0	0
369	1006119524483067517	hard	2	1	0.5	177	1057762	22411	8	5	2	0
370	12406834343806266002	hard	2	14	0.5	115	760645	22724	8	4	0	0
370	12406834343806266002	hard	2	-16.5	1	115	692531	23526	7	4	0	0
371	5360805089419912871	hard	2	-27	1	103	678606	16646	6	3	1	0
371	5360805089419912871	hard	2	-62	1	113	743913	19817	6	5	1	0
372	16761519908743111356	hard	2	-55.5	1	146	1140368	40928	6	3	2	0
372	16761519908743111356	hard	2	10.5	0.5	62	284011	15758	4	0	0	0
373	9715490654356758225	hard	2	3.5	0.5	90	514280	16061	3	2	0	0
373	9715490654356758225	hard	2	23	0.5	88	490395	18566	5	3	0	0
374	2669461399970405094	hard	2	-35.5	1	140	909679	21049	7	5	2	0
374	2669461399970405094	hard	2	11	0.5	74	477077	18456	4	3	0	0
375	14070176219293603579	hard	2	-62.5	1	127	834751	18119	9	8	0	0
375	14070176219293603579	hard	2	-24	1	129	769638	19573	7	5	0	0
376	7024146964907250448	hard	2	-43.5	1	97	707173	20741	4	3	0	0
376	7024146964907250448	hard	2	-15	1	109	761268	21867	5	2	0	0
377	18424861784230448933	hard	2	-37	0.5	121	758633	17038	5	4	1	0
377	18424861784230448933	hard	2	-23	0.5	128	723675	15105	8	6	1	0
378	11378832529844095802	hard	2	21.5	0.5	132	858167	17790	6	1	1	0
378	11378832529844095802	hard	2	-46.5	1	133	868752	20995	7	6	0	0
379	4332803275457742671	hard	2	-22	0.5	159	1002989	17534	5	4	0	0
379	4332803275457742671	hard	2	-12	1	155	997874	35511	11	7	0	0
380	15733518094780941156	hard	2	-16.5	0.5	107	691693	21924	4	1	1	0
380	15733518094780941156	hard	2	34.5	0	82	428166	17145	5	1	0	0
381	8687488840394588025	hard	2	-27	0.5	86	588639	20608	2	2	0	0
381	8687488840394588025	hard	2	-30.5	1	101	636958	19692	7	2	1	0
382	1641459586008234894	hard	2	-44.5	1	106	697709	21935	5	3	1	0
382	1641459586008234894	hard	2	-7	0.5	66	368245	18571	2	2	0	0
383	13042174405331433379	hard	2	-20	0.5	178	1184497	23718	6	5	0	0
383	13042174405331433379	hard	2	-58.5	1	143	961087	25383	7	5	1	0
384	5996145150945080248	hard	2	9	0.5	103	698843	20498	3	0	0	0
384	5996145150945080248	hard	2	-55.5	1	126	973696	30864	3	2	1	0
385	17396859970268278733	hard	2	11	0.5	65	430974	18101	2	1	0	0
385	17396859970268278733	hard	2	6	0.5	73	472598	17960	1	0	0	0
386	10350830715881925602	hard	2	-4.5	0.5	110	799129	20461	7	6	0	0
386	10350830715881925602	hard	2	11	0.5	135	867363	18035	7	5	0	0
387	3304801461495572471	hard	2	-40	1	166	1001625	19707	6	5	1	0
387	3304801461495572471	hard	2	-6	0.5	95	541756	17924	4	2	0	0
388	14705516280818770956	hard	2	-44.5	1	119	699340	21446	6	4	1	0
388	14705516280818770956	hard	2	-68.5	1	125	702788	19667	7	6	1	0
389	7659487026432417825	hard	2	-4	0.5	140	846610	19648	6	3	0	0
389	7659487026432417825	hard	2	14	0.5	145	876640	19555	5	3	0	0
390	613457772046064694	hard	2	-44	1	111	738744	18427	5	3	1	0
390	613457772046064694	hard	2	-35	1	146	881477	18022	5	4	0	0
391	12014172591369263179	hard	2	4.5	0.5	140	990135	22963	3	2	0	0
391	12014172591369263179	hard	2	-16.5	0.5	115	765908	19462	4	3	1	0
392	4968143336982910048	hard	2	10	0.5	112	709736	19742	3	2	0	0
392	4968143336982910048	hard	2	11	0.5	92	598412	16910	5	2	1	0
393	16368858156306108533	hard	2	-1	0.5	153	982181	22470	5	3	0	0
393	16368858156306108533	hard	2	-35.5	1	123	741911	17832	9	5	2	0
394	9322828901919755402	hard	2	-51	1	177	1055876	18162	7	6	1	0
394	9322828901919755402	hard	2	-13	0.5	174	917554	17580	7	4	1	0
395	2276799647533402271	hard	2	-47.5	1	98	628896	17316	4	3	0	0
395	2276799647533402271	hard	2	-44.5	1	170	1069445	26252	5	4	1	0
396	13677514466856600756	hard	2	-16	1	176	1159838	24179	9	6	1	0
396	13677514466856600756	hard	2	-63.5	1	93	667888	22835	7	6	1	0
397	6631485212470247625	hard	2	-39	1	85	570375	18467	3	2	0	0
397	6631485212470247625	hard	2	-20.5	1	117	708908	19355	6	3	0	0
398	18032200031793446110	hard	2	-22.5	0.5	129	774358	16859	8	7	1	0
398	18032200031793446110	hard	2	8	0.5	214	1296776	17344	8	5	2	0
399	10986170777407092979	hard	2	12	0.5	122	779772	22946	6	5	0	0
399	10986170777407092979	hard	2	-15.5	1	111	669462	18328	7	5	0	0
400	3940141523020739848	hard	2	-45	1	156	1031645	16981	11	6	1	0
400	3940141523020739848	hard	2	-39	1	151	1039633	43120	7	4	1	0
401	15340856342343938333	hard	2	-11	0.5	73	428202	15588	7	3	1	0
401	15340856342343938333	hard	2	-47.5	1	86	466403	18232	6	4	1	0
402	8294827087957585202	hard	2	21	0.5	158	979560	17765	6	3	1	0
402	8294827087957585202	hard	2	15	0.5	116	695220	17198	4	2	0	0
403	1248797833571232071	hard	2	-19	0.5	108	609488	16425	7	5	1	0
403	1248797833571232071	hard	2	14.5	0.5	77	375368	16435	7	3	1	0
404	12649512652894430556	hard	2	-62	1	91	642910	16938	6	5	0	0
404	12649512652894430556	hard	2	-17	1	166	1041695	18836	9	6	1	0
405	5603483398508077425	hard	2	-36.5	1	208	1627581	33419	7	6	1	0
405	5603483398508077425	hard	2	-29.5	1	183	1108305	22250	4	4	1	0
406	17004198217831275910	hard	2	1	0.5	147	861351	18328	6	2	2	0
406	17004198217831275910	hard	2	0.5	0.5	173	1033765	17482	6	4	2	0
407	9958168963444922779	hard	2	0	0.5	61	378188	17136	3	0	0	0
407	9958168963444922779	hard	2	-19.5	1	77	420667	15581	4	1	0	0
408	2912139709058569648	hard	2	-48	1	133	873405	23046	8	6	1	0
408	2912139709058569648	hard	2	39	0	133	865320	21405	7	4	0	0
409	14312854528381768133	hard	2	-61	1	114	727573	16980	6	5	0	0
409	14312854528381768133	hard	2	-40	1	193	1246230	23626	6	5	1	0
410	7266825273995415002	hard	2	-40.5	1	126	804616	20178	4	1	1	0
410	7266825273995415002	hard	2	-24.5	1	101	565156	17858	3	1	0	0
411	220796019609061871	hard	2	-1.5	0.5	100	624289	20705	6	3	0	0
411	220796019609061871	hard	2	-25	1	172	998550	19297	8	6	2	0
412	11621510838932260356	hard	2	-47	1	78	623366	26496	6	5	0	0
412	11621510838932260356	hard	2	-53	1	99	750486	19621	6	4	1	0
413	4575481584545907225	hard	2	-29	1	189	1605205	34719	7	4	1	0
413	4575481584545907225	hard	2	-16.5	1	172	1142905	21033	6	4	0	0
414	15976196403869105710	hard	2	4	0.5	77	425128	17001	6	4	0	0
414	15976196403869105710	hard	2	-34	1	78	349453	17519	5	3	0	0
415	8930167149482752579	hard	2	-17	1	138	947167	22079	7	2	2	0
415	8930167149482752579	hard	2	-40.5	1	163	965169	19633	8	5	1	0
416	1884137895096399448	hard	2	-39.5	1	127	973978	23300	5	3	1	0
416	1884137895096399448	hard	2	-52.5	1	105	700485	19199	6	5	0	0
417	13284852714419597933	hard	2	-57.5	1	77	460028	23171	4	3	0	0
417	13284852714419597933	hard	2	-62	1	102	565249	16621	2	1	1	0
418	6238823460033244802	hard	2	-29	1	147	852059	20848	6	5	1	0
418	6238823460033244802	hard	2	-30.5	1	111	544492	14672	6	4	1	0
419	17639538279356443287	hard	2	-34	1	64	283623	15991	7	4	0	0
419	17639538279356443287	hard	2	-28.5	1	78	367919	17724	6	3	0	0
420	10593509024970090156	hard	2	-28	0.5	123	743134	19342	5	4	1	0
420	10593509024970090156	hard	2	-4.5	0.5	167	898697	15493	6	5	1	0
421	3547479770583737025	hard	2	-48.5	1	86	521735	18477	7	6	0	0
421	3547479770583737025	hard	2	-16	1	108	683357	17911	7	6	0	0
422	14948194589906935510	hard	2	-34	1	126	855210	19526	6	3	0	0
422	14948194589906935510	hard	2	19	0.5	94	562507	20290	6	1	0	0
423	7902165335520582379	hard	2	-53.5	1	98	657502	19974	8	7	0	0
423	7902165335520582379	hard	2	-28.5	0.5	171	1086919	18671	8	5	1	0
424	856136081134229248	hard	2	-39.5	1	119	826267	19243	7	6	1	0
424	856136081134229248	hard	2	-56	1	153	979017	20322	8	6	2	0
425	12256850900457427733	hard	2	12	0.5	109	754504	20352	6	2	0	0
425	12256850900457427733	hard	2	-16	1	70	388371	16774	6	3	0	0
426	5210821646071074602	hard	2	-12	0.5	95	583061	16827	4	1	0	0
426	5210821646071074602	hard	2	-66.5	1	72	382426	15052	5	4	0	0
427	16611536465394273087	hard	2	-5	0.5	149	1055120	24930	4	2	0	0
427	16611536465394273087	hard	2	4.5	0.5	183	1133041	19745	3	3	0	0
428	9565507211007919956	hard	2	-0.5	0.5	150	863528	18645	4	3	1	0
428	9565507211007919956	hard	2	11	0.5	89	497576	22579	6	4	1	0
429	2519477956621566825	hard	2	-40.5	1	165	1104916	21805	3	3	1	0
429	2519477956621566825	hard	2	-18.5	1	144	901788	19967	8	5	1	0
430	13920192775944765310	hard	2	12.5	0.5	150	1032802	19722	6	3	0	0
430	13920192775944765310	hard	2	2.5	0.5	141	892372	19925	4	3	0	0
431	6874163521558412179	hard	2	-56	1	142	872830	19097	5	5	0	0
431	6874163521558412179	hard	2	-61.5	1	104	643504	17834	8	7	0	0
432	18274878340881610664	hard	2	1.5	0.5	94	591139	17324	4	1	0	0
432	18274878340881610664	hard	2	-27.5	0.5	94	565308	18383	5	3	0	0
433	11228849086495257533	hard	2	23	0.5	133	897976	18460	3	0	0	0
433	11228849086495257533	hard	2	16.5	0.5	101	643962	16487	6	1	1	0
434	4182819832108904402	hard	2	-26.5	1	118	864124	18758	6	3	0	0
434	4182819832108904402	hard	2	-30	0.5	145	993231	26183	5	3	0	0
435	15583534651432102887	hard	2	6.5	0.5	92	642024	20912	5	4	0	0
435	15583534651432102887	hard	2	6.5	0.5	213	1400267	20353	6	6	1	0
436	8537505397045749756	hard	2	21	0	120	827091	19251	7	4	0	0
436	8537505397045749756	hard	2	-35	1	141	945653	21610	6	5	1	0
437	1491476142659396625	hard	2	-25	0.5	95	573181	20649	2	1	0	0
437	1491476142659396625	hard	2	-7.5	0.5	89	498569	15986	3	1	0	0
438	12892190961982595110	hard	2	-8.5	1	118	785321	20870	8	7	0	0
438	12892190961982595110	hard	2	-3	0.5	163	999073	19305	6	5	1	0
439	5846161707596241979	hard	2	-13.5	0.5	133	922889	21470	7	6	0	0
439	5846161707596241979	hard	2	-28.5	1	109	680771	17408	6	3	1	0
440	17246876526919440464	hard	2	-39.5	1	71	374069	18220	6	4	0	0
440	17246876526919440464	hard	2	-45	1	81	466164	19592	5	2	1	0
441	10200847272533087333	hard	2	10.5	0.5	97	577592	16835	8	5	1	0
441	10200847272533087333	hard	2	3.5	0.5	91	614864	21828	5	3	1	0
442	3154818018146734202	hard	2	19	0.5	153	991629	22592	6	2	0	0
442	3154818018146734202	hard	2	52	0	134	864835	16400	4	2	0	0
443	14555532837469932687	hard	2	-21	0.5	143	980705	21044	6	5	0	0
443	14555532837469932687	hard	2	-20.5	1	200	1224845	21674	8	6	1	0
444	7509503583083579556	hard	2	-15.5	1	114	741111	18829	7	4	1	0
444	7509503583083579556	hard	2	19.5	0.5	82	494147	19047	5	2	0	0
445	463474328697226425	hard	2	-21.5	1	143	1135446	23279	7	6	1	0
445	463474328697226425	hard	2	-32	1	192	1288178	24398	7	6	2	0
446	11864189148020424910	hard	2	-41.5	1	151	828501	20427	7	6	1	0
446	11864189148020424910	hard	2	-8.5	0.5	101	508829	17563	3	3	0	0
447	4818159893634071779	hard	2	45.5	0	290	1957350	21867	9	4	2	0
447	4818159893634071779	hard	2	-6.5	0.5	221	1436903	19365	6	4	1	0
448	16218874712957270264	hard	2	-57	1	85	547281	17653	5	3	0	0
448	16218874712957270264	hard	2	-55	1	94	534762	18280	5	4	0	0
449	9172845458570917133	hard	2	18	0.5	86	494441	17245	5	3	0	0
449	9172845458570917133	hard	2	-7	0.5	75	429308	16134	4	2	0	0
450	2126816204184564002	hard	2	-21.5	0.5	98	666762	17450	6	4	0	0
450	2126816204184564002	hard	2	0	0.5	175	1215851	19234	11	6	2	0
451	13527531023507762487	hard	2	-46	1	148	1097757	19905	9	7	0	0
451	13527531023507762487	hard	2	-38.5	1	198	1400223	26386	4	3	1	0
452	6481501769121409356	hard	2	-24	1	112	786658	20529	7	3	1	0
452	6481501769121409356	hard	2	-34.5	1	115	745347	21310	4	3	1	0
453	17882216588444607841	hard	2	-18.5	1	138	818441	17519	6	4	0	0
453	17882216588444607841	hard	2	-14.5	0.5	196	1184305	20975	8	6	1	0
454	10836187334058254710	hard	2	-50	1	112	634942	22750	6	4	1	0
454	10836187334058254710	hard	2	-41	1	115	568754	17049	7	4	1	0
455	3790158079671901579	hard	2	-36.5	1	160	1171421	24945	8	4	0	0
455	3790158079671901579	hard	2	-31	1	191	1236196	21229	10	5	1	0
456	15190872898995100064	hard	2	-21	0.5	108	732297	19361	6	4	0	0
456	15190872898995100064	hard	2	11.5	0.5	100	613543	20955	5	3	0	0
457	8144843644608746933	hard	2	-42.5	1	140	850030	19496	6	4	1	0
457	8144843644608746933	hard	2	-57.5	1	96	546053	18596	5	3	0	0
458	1098814390222393802	hard	2	-49.5	1	124	810077	22570	5	4	0	0
458	1098814390222393802	hard	2	-41.5	1	128	636557	14957	7	5	1	0
459	12499529209545592287	hard	2	-41.5	1	107	679959	17344	6	4	0	0
459	12499529209545592287	hard	2	-29.5	1	141	875749	18498	5	4	0	0
460	5453499955159239156	hard	2	-31.5	0.5	214	1444185	19725	5	5	0	0
460	5453499955159239156	hard	2	-56	1	133	844199	18074	5	4	0	0
461	16854214774482437641	hard	2	-42	1	106	608230	19400	5	5	0	0
461	16854214774482437641	hard	2	-37	1	90	502100	16626	5	4	0	0
462	9808185520096084510	hard	2	-45.5	1	100	595087	20559	7	5	0	0
462	9808185520096084510	hard	2	-45	1	92	503522	21395	4	2	0	0
463	2762156265709731379	hard	2	-16	0.5	135	913309	19082	4	4	0	0
463	2762156265709731379	hard	2	-3	0.5	136	836425	22443	6	4	0	0
464	14162871085032929864	hard	2	3	0.5	103	601138	17089	3	2	0	0
464	14162871085032929864	hard	2	-22	0.5	99	559921	16019	4	3	0	0
465	7116841830646576733	hard	2	6	0.5	139	870669	17243	4	3	0	0
465	7116841830646576733	hard	2	9	0.5	117	698597	17830	5	3	0	0
466	70812576260223602	hard	2	-13	0.5	95	560610	17308	7	4	1	0
466	70812576260223602	hard	2	14.5	0.5	49	246957	16054	4	1	0	0
467	11471527395583422087	hard	2	1.5	0.5	91	575147	18981	7	3	1	0
467	11471527395583422087	hard	2	-14	0.5	96	583739	15583	5	3	0	0
468	4425498141197068956	hard	2	-19.5	1	161	1036714	19104	5	3	0	0
468	4425498141197068956	hard	2	12.5	0.5	213	1262868	20289	7	5	1	0
469	15826212960520267441	hard	2	-19.5	0.5	68	448341	18084	6	3	0	0
469	15826212960520267441	hard	2	-18	0.5	87	530749	17682	4	3	0	0
470	8780183706133914310	hard	2	-16.5	0.5	143	912198	17384	5	4	1	0
470	8780183706133914310	hard	2	-1.5	0.5	102	648333	17214	5	4	0	0
471	1734154451747561179	hard	2	-21	1	120	647102	17813	9	6	1	0
471	1734154451747561179	hard	2	-16	0.5	125	665595	27912	7	6	0	0
472	13134869271070759664	hard	2	-38	1	182	1208209	20451	8	6	2	0
472	13134869271070759664	hard	2	-32	1	124	815135	23069	7	5	0	0
473	6088840016684406533	hard	2	-30	1	110	828169	21758	8	5	0	0
473	6088840016684406533	hard	2	-66	1	97	598762	23014	5	5	0	0
474	17489554836007605018	hard	2	-35.5	1	127	709352	18571	8	7	1	0
474	17489554836007605018	hard	2	4.5	0.5	52	253119	18670	4	1	0	0
475	10443525581621251887	hard	2	-56	1	139	906878	17721	6	4	1	0
475	10443525581621251887	hard	2	-40	1	124	745073	20351	5	3	1	0
476	3397496327234898756	hard	2	-42	1	95	580248	16335	7	6	0	0
476	3397496327234898756	hard	2	-51.5	1	106	634977	15502	6	5	0	0
477	14798211146558097241	hard	2	-39.5	1	191	1327701	22992	6	5	1	0
477	14798211146558097241	hard	2	-36.5	1	157	1040265	19071	6	4	1	0
478	7752181892171744110	hard	2	12.5	0.5	79	482926	18860	3	1	0	0
478	7752181892171744110	hard	2	11	0.5	75	442636	18417	6	3	1	0
479	706152637785390979	hard	2	-38.5	1	73	422846	18388	4	2	0	0
479	706152637785390979	hard	2	-32.5	1	83	490237	18699	8	4	1	0
480	12106867457108589464	hard	2	-40	1	142	857712	16365	7	3	2	0
480	12106867457108589464	hard	2	-42.5	1	95	507800	17957	3	1	1	0
481	5060838202722236333	hard	2	-24.5	1	113	724918	18952	3	2	0	0
481	5060838202722236333	hard	2	-11.5	0.5	157	892205	19738	8	6	1	0
482	16461553022045434818	hard	2	-5	0.5	202	1248031	19821	7	5	1	0
482	16461553022045434818	hard	2	-33.5	1	152	953183	24235	8	6	1	0
483	9415523767659081687	hard	2	16.5	0.5	99	655607	19609	6	4	0	0
483	9415523767659081687	hard	2	2.5	0.5	89	525602	16173	4	3	0	0
484	2369494513272728556	hard	2	7	0.5	137	830709	23193	7	4	0	0
484	2369494513272728556	hard	2	-3.5	0.5	149	973718	22358	10	6	2	0
485	13770209332595927041	hard	2	31.5	0.5	159	1032064	16789	7	7	0	0
485	13770209332595927041	hard	2	-41	1	154	904750	17364	6	5	1	0
486	6724180078209573910	hard	2	-5.5	0.5	101	704594	26780	3	2	0	0
486	6724180078209573910	hard	2	-64	1	89	622802	29970	4	3	1	0
487	18124894897532772395	hard	2	-36	0.5	147	966753	26287	7	5	1	0
487	18124894897532772395	hard	2	-67	1	151	1001240	31644	5	4	1	0
488	11078865643146419264	hard	2	-7	0.5	113	723600	18235	3	1	1	0
488	11078865643146419264	hard	2	3	0.5	55	274834	17631	3	2	0	0
489	4032836388760066133	hard	2	-36	1	136	964463	22775	7	4	1	0
489	4032836388760066133	hard	2	-12.5	1	162	1103058	22317	7	5	0	0
490	15433551208083264618	hard	2	-38	1	79	491225	18773	7	6	0	0
490	15433551208083264618	hard	2	5	0.5	139	823800	26139	9	7	1	0
491	8387521953696911487	hard	2	22	0.5	114	696352	26233	8	6	0	0
491	8387521953696911487	hard	2	-16.5	0.5	101	518609	20363	7	6	0	0
492	1341492699310558356	hard	2	-11	0.5	166	1109997	25660	8	5	1	0
492	1341492699310558356	hard	2	-17.5	0.5	169	1043776	17572	6	5	1	0
493	12742207518633756841	hard	2	24.5	0.5	87	532224	24357	6	4	0	0
493	12742207518633756841	hard	2	-13	0.5	69	352362	15381	5	3	0	0
494	5696178264247403710	hard	2	-2.5	0.5	82	466474	22515	4	3	0	0
494	5696178264247403710	hard	2	10.5	0.5	67	341215	17820	4	1	0	0
495	17096893083570602195	hard	2	6	0.5	93	591079	21285	8	4	0	0
495	17096893083570602195	hard	2	19	0.5	75	451274	16305	5	1	0	0
496	10050863829184249064	hard	2	8.5	0.5	176	1049824	20974	11	8	1	0
496	10050863829184249064	hard	2	-14.5	1	110	613147	17625	9	7	0	0
497	3004834574797895933	hard	2	-59	1	113	671200	20276	4	4	1	0
497	3004834574797895933	hard	2	-55	1	132	706274	15886	2	2	1	0
498	14405549394121094418	hard	2	-40.5	1	115	808435	20813	6	3	1	0
498	14405549394121094418	hard	2	41.5	0.5	150	931514	19280	4	2	0	0
499	7359520139734741287	hard	2	13.5	0.5	112	654106	18393	5	3	0	0
499	7359520139734741287	hard	2	-7.5	1	138	722776	15197	10	7	0	0
500	313490885348388156	hard	2	-33.5	1	87	534252	20614	8	3	1	0
500	313490885348388156	hard	2	-23	1	81	455466	18305	8	4	0	0
501	11714205704671586641	hard	2	-34	1	117	719951	19865	7	5	0	0
501	11714205704671586641	hard	2	-51	1	171	1023195	17216	9	7	1	0
502	4668176450285233510	hard	2	-55	1	55	319938	17445	5	2	1	0
502	4668176450285233510	hard	2	-0.5	0.5	63	331201	16818	6	3	0	0
503	16068891269608431995	hard	2	-16.5	0.5	124	781562	19458	3	2	1	0
503	16068891269608431995	hard	2	0	0.5	128	729379	14720	4	3	0	0
504	9022862015222078864	hard	2	6.5	0.5	125	836489	22119	6	5	0	0
504	9022862015222078864	hard	2	15.5	0.5	103	622724	18510	5	4	1	0
505	1976832760835725733	hard	2	32.5	0.5	131	785776	16791	4	3	0	0
505	1976832760835725733	hard	2	-4.5	0.5	151	815149	19275	4	3	1	0
506	13377547580158924218	hard	2	-11.5	0.5	68	479406	21127	4	3	0	0
506	13377547580158924218	hard	2	-3.5	0.5	83	570804	20500	4	3	0	0
507	6331518325772571087	hard	2	-6.5	0.5	110	736633	22037	6	3	0	0
507	6331518325772571087	hard	2	-40.5	1	159	959595	19612	6	4	1	0
508	17732233145095769572	hard	2	-44.5	1	91	546034	17807	5	3	0	0
508	17732233145095769572	hard	2	-59	1	107	588002	22624	6	4	1	0
509	10686203890709416441	hard	2	-19.5	1	109	703225	19380	9	7	0	0
509	10686203890709416441	hard	2	-51.5	1	90	559996	18120	5	4	0	0
510	3640174636323063310	hard	2	-18.5	1	139	879531	19030	7	4	1	0
510	3640174636323063310	hard	2	-10	0.5	150	856767	17413	10	7	0	0
511	15040889455646261795	hard	2	-21	1	150	857853	19552	6	3	2	0
511	15040889455646261795	hard	2	37	0.5	97	472743	14192	6	3	1	0
