# Args { candidate: "hard", compare: Some("hard"), opponents: ["challenger"], cfg: [("budget_us", "0"), ("simulations", "128"), ("confirmation_samples", "48"), ("learned_value", "true"), ("value_model_path", "data/match_value/model-v1.bin"), ("validate_calls", "true"), ("min_cabo_success", "0")], compare_cfg: [("budget_us", "0"), ("simulations", "128"), ("confirmation_samples", "48"), ("validate_calls", "true"), ("min_cabo_success", "0")], opponent_cfg: [], players: 4, blocks: 96, seed: 518000, jobs: 4, target: 100, start_scores: [], out: Some("reports/HARD_R21_VALUE_CALL_ABLATION.tsv") }
block	seed	bot	games	mean_gap	win_share	decisions	decision_us	max_us	calls	successes	resets	high_pairs
0	518000	hard	4	26.5	0.25	672	45418190	239611	9	6	3	0
0	518000	hard	4	7.75	0.5	654	40335283	217786	9	4	3	0
1	11400714819323716485	hard	4	-2.75	0.5	467	32018854	245939	9	6	3	0
1	11400714819323716485	hard	4	10.75	0.5	334	23501005	240117	10	6	2	0
2	4354685564937363354	hard	4	8.25	0.5	547	35572092	235194	11	6	2	0
2	4354685564937363354	hard	4	-8.25	0.5	439	27991910	204122	8	6	2	0
3	15755400384260561839	hard	4	8.5	0.25	405	27859544	221894	7	3	3	0
3	15755400384260561839	hard	4	-3.75	0.875	351	23005195	239646	6	3	3	0
4	8709371129874208708	hard	4	15	0.25	356	21237322	276321	7	2	1	0
4	8709371129874208708	hard	4	-8	0.75	331	20942374	219511	4	3	2	0
5	1663341875487855577	hard	4	-2.75	0.5	355	25039153	229048	10	6	3	0
5	1663341875487855577	hard	4	14	0.5	323	27231457	368803	7	4	3	0
6	13064056694811054062	hard	4	8.5	0.25	360	22094902	331848	5	1	2	0
6	13064056694811054062	hard	4	21	0.5	364	26125905	298588	7	1	1	0
7	6018027440424700931	hard	4	13	0.25	430	32603192	283900	11	5	4	0
7	6018027440424700931	hard	4	23	0.375	394	28330336	317786	7	4	2	0
8	17418742259747899416	hard	4	6.5	0.5	301	24946108	323281	4	2	1	0
8	17418742259747899416	hard	4	10.5	0.25	279	21599062	287928	5	3	2	0
9	10372713005361546285	hard	4	4.5	0.5	436	32602710	331025	5	1	3	0
9	10372713005361546285	hard	4	-14.25	0.75	472	29554669	218653	6	1	4	0
10	3326683750975193154	hard	4	-5.75	0.5	478	34039017	276365	7	3	3	0
10	3326683750975193154	hard	4	29.75	0	397	23407611	203487	5	2	1	0
11	14727398570298391639	hard	4	10	0.5	509	28731994	224297	9	4	3	0
11	14727398570298391639	hard	4	-0.25	0.25	426	26610893	212520	9	4	3	0
12	7681369315912038508	hard	4	28.5	0	307	18584269	229230	8	3	1	0
12	7681369315912038508	hard	4	17	0.25	326	16108469	204206	5	3	1	0
13	635340061525685377	hard	4	6.25	0.5	534	33482638	224767	5	3	3	0
13	635340061525685377	hard	4	26	0	439	26702359	224111	3	2	1	0
14	12036054880848883862	hard	4	11	0.25	324	21613680	219935	7	5	0	0
14	12036054880848883862	hard	4	12.25	0.25	398	24885420	200176	9	5	1	0
15	4990025626462530731	hard	4	30	0.25	560	32932319	268940	8	3	3	0
15	4990025626462530731	hard	4	9.25	0.25	535	28914955	199228	10	4	3	0
16	16390740445785729216	hard	4	1.75	0.75	360	23364138	226030	8	4	2	0
16	16390740445785729216	hard	4	-10.5	0.75	496	30484138	205020	8	4	3	0
17	9344711191399376085	hard	4	2.75	0.5	624	37350079	213562	9	3	4	0
17	9344711191399376085	hard	4	13.75	0.25	546	28698394	261118	9	4	3	0
18	2298681937013022954	hard	4	4.25	0.5	409	27412310	216511	9	4	3	0
18	2298681937013022954	hard	4	10.25	0.375	263	16494396	237640	7	2	2	0
19	13699396756336221439	hard	4	17	0.125	318	22248627	245494	9	2	4	0
19	13699396756336221439	hard	4	11.75	0.5	266	17697598	233329	10	5	2	0
20	6653367501949868308	hard	4	34.25	0.25	399	24466895	230126	7	4	1	0
20	6653367501949868308	hard	4	12.75	0.25	338	19409207	201618	7	2	2	0
21	18054082321273066793	hard	4	19.25	0.25	293	16062585	174080	9	5	1	0
21	18054082321273066793	hard	4	4	0.375	344	19399259	200188	7	3	3	0
22	11008053066886713662	hard	4	0.5	0.5	283	17091504	187622	8	6	2	0
22	11008053066886713662	hard	4	8.25	0.5	363	21735240	184392	7	4	1	0
23	3962023812500360531	hard	4	16.25	0.25	256	13905861	184133	6	1	1	0
23	3962023812500360531	hard	4	15.25	0.25	470	29073818	275284	8	3	4	0
24	15362738631823559016	hard	4	14.25	0.5	224	10337978	147812	3	1	0	0
24	15362738631823559016	hard	4	15.25	0.25	307	14075950	156204	7	5	1	0
25	8316709377437205885	hard	4	13.5	0.25	543	32509524	236669	9	5	3	0
25	8316709377437205885	hard	4	7.25	0.5	434	24744745	245012	6	3	3	0
26	1270680123050852754	hard	4	10.75	0.25	386	26315306	224480	7	2	3	0
26	1270680123050852754	hard	4	-15.25	0.5	451	30947645	243956	11	6	4	0
27	12671394942374051239	hard	4	28	0	446	24405731	310098	5	2	2	0
27	12671394942374051239	hard	4	3.25	0.5	453	22851063	180069	7	6	3	0
28	5625365687987698108	hard	4	23.5	0	364	20580372	237669	7	1	2	0
28	5625365687987698108	hard	4	-0.75	0.75	426	23057653	205096	4	1	3	0
29	17026080507310896593	hard	4	-4.5	0.875	451	24707756	173686	6	5	2	0
29	17026080507310896593	hard	4	-3.25	0.75	559	31061936	185153	8	4	3	0
30	9980051252924543462	hard	4	8	0.5	332	18515278	230618	7	3	2	0
30	9980051252924543462	hard	4	13.25	0.375	371	20013161	202370	4	3	1	0
31	2934021998538190331	hard	4	24	0.25	541	27914351	191676	5	3	1	0
31	2934021998538190331	hard	4	-3.25	0.75	518	24218127	178899	7	3	3	0
32	14334736817861388816	hard	4	-13	0.75	337	20774842	204316	4	2	3	0
32	14334736817861388816	hard	4	28	0	341	18369870	174708	7	2	3	0
33	7288707563475035685	hard	4	10.25	0.25	381	22214818	189345	6	2	2	0
33	7288707563475035685	hard	4	13	0.5	358	20604176	200845	13	6	2	0
34	242678309088682554	hard	4	-8	0.75	459	24732042	209145	4	3	2	0
34	242678309088682554	hard	4	12.25	0.25	402	20550228	179658	4	3	0	0
35	11643393128411881039	hard	4	5.5	0.5	476	25110063	191652	10	5	3	0
35	11643393128411881039	hard	4	13	0.25	502	25957025	206381	10	5	3	0
36	4597363874025527908	hard	4	18.5	0.5	518	26087099	180671	7	2	2	0
36	4597363874025527908	hard	4	3.25	0.5	614	28744519	168963	5	4	2	0
37	15998078693348726393	hard	4	25.5	0	374	20854592	200654	5	1	3	0
37	15998078693348726393	hard	4	33.75	0.25	483	25260164	172868	4	2	2	0
38	8952049438962373262	hard	4	-0.25	0.75	322	18140269	198322	10	6	2	0
38	8952049438962373262	hard	4	2.25	0.5	324	17412721	187951	7	4	3	0
39	1906020184576020131	hard	4	-1	0.75	403	19260814	158231	6	4	2	0
39	1906020184576020131	hard	4	-4.25	0.5	468	24459019	209985	8	5	3	0
40	13306735003899218616	hard	4	28.5	0.25	340	18139636	230821	6	3	1	0
40	13306735003899218616	hard	4	14	0.25	302	16609242	204142	6	4	1	0
41	6260705749512865485	hard	4	28	0	674	34379137	171590	7	3	2	0
41	6260705749512865485	hard	4	11.75	0.25	595	30583541	193243	7	2	3	0
42	17661420568836063970	hard	4	0.75	0.5	414	22542803	216904	12	5	3	0
42	17661420568836063970	hard	4	3.75	0.375	427	22026530	189163	5	1	3	0
43	10615391314449710839	hard	4	30.5	0.25	449	22160338	197531	7	4	0	0
43	10615391314449710839	hard	4	5.25	0.5	455	20141852	186715	5	3	1	0
44	3569362060063357708	hard	4	12	0.125	574	28608907	174539	12	5	2	0
44	3569362060063357708	hard	4	35	0	547	26780712	172749	9	4	1	0
45	14970076879386556193	hard	4	29.75	0.25	368	20356769	219820	7	4	1	0
45	14970076879386556193	hard	4	-3	0.75	328	18416478	238510	5	3	2	0
46	7924047625000203062	hard	4	36.25	0.25	326	16346627	181400	8	2	1	0
46	7924047625000203062	hard	4	29	0.25	408	21110623	161756	11	5	1	0
47	878018370613849931	hard	4	5	0.5	310	15784359	177650	6	4	1	0
47	878018370613849931	hard	4	18.5	0.5	332	16874255	184214	8	5	1	0
48	12278733189937048416	hard	4	22.5	0.25	332	18713992	183792	5	3	1	0
48	12278733189937048416	hard	4	3	0.5	233	12846147	204631	7	5	1	0
49	5232703935550695285	hard	4	11	0.25	396	19163892	197097	6	4	3	0
49	5232703935550695285	hard	4	2.25	0.5	306	16191682	239464	9	3	3	0
50	16633418754873893770	hard	4	20.25	0.25	557	29115748	167147	10	4	3	0
50	16633418754873893770	hard	4	14.25	0.25	487	24190480	164328	5	3	3	0
51	9587389500487540639	hard	4	15.5	0	395	24691190	194638	13	5	3	0
51	9587389500487540639	hard	4	7	0.25	309	17978184	199069	8	3	2	0
52	2541360246101187508	hard	4	12	0.25	242	13811538	213943	5	4	1	0
52	2541360246101187508	hard	4	10.25	0.5	261	13497872	242711	7	6	2	0
53	13942075065424385993	hard	4	-4.75	0.75	354	18508126	195867	4	2	2	0
53	13942075065424385993	hard	4	6.25	0.375	331	17492240	217457	5	2	3	0
54	6896045811038032862	hard	4	2	0.5	261	13198185	239947	5	2	2	0
54	6896045811038032862	hard	4	17.75	0.25	274	13472876	208752	6	3	1	0
55	18296760630361231347	hard	4	-8.75	0.75	383	20436973	175908	5	3	2	0
55	18296760630361231347	hard	4	9.75	0.25	428	23268657	203306	8	6	3	0
56	11250731375974878216	hard	4	4	0.75	457	26464707	184029	13	6	3	0
56	11250731375974878216	hard	4	6.25	0.5	472	29407972	231381	10	7	2	0
57	4204702121588525085	hard	4	21	0	472	29703969	223705	10	4	3	0
57	4204702121588525085	hard	4	39	0	377	25223048	263596	4	1	2	0
58	15605416940911723570	hard	4	7.75	0.25	400	23073406	213949	5	3	3	0
58	15605416940911723570	hard	4	4	0.25	285	18902744	296116	8	3	3	0
59	8559387686525370439	hard	4	10.75	0.25	432	28795932	246109	7	4	1	0
59	8559387686525370439	hard	4	13	0.5	488	32952327	251624	10	6	2	0
60	1513358432139017308	hard	4	20.75	0.25	449	31319773	262935	7	2	2	0
60	1513358432139017308	hard	4	-2.25	0.75	413	23004197	203145	7	4	3	0
61	12914073251462215793	hard	4	16.75	0.5	267	17892753	231249	6	4	2	0
61	12914073251462215793	hard	4	40	0.25	283	16127923	193431	6	5	0	0
62	5868043997075862662	hard	4	10.25	0	261	15973446	263177	6	4	1	0
62	5868043997075862662	hard	4	-2	0.5	209	10806673	188715	5	4	1	0
63	17268758816399061147	hard	4	20	0.25	399	23213754	207191	7	4	1	0
63	17268758816399061147	hard	4	27.5	0	506	27925590	299090	6	2	1	0
64	10222729562012708016	hard	4	10.75	0.25	475	23631704	338979	7	5	1	0
64	10222729562012708016	hard	4	24.5	0.25	459	22142838	224303	6	4	1	0
65	3176700307626354885	hard	4	10.75	0.25	364	20382888	257902	9	4	1	0
65	3176700307626354885	hard	4	-15.25	0.75	406	20677724	310775	9	6	2	0
66	14577415126949553370	hard	4	31.5	0.25	593	27304164	171862	8	2	0	0
66	14577415126949553370	hard	4	31.75	0	598	26101889	192692	9	2	1	0
67	7531385872563200239	hard	4	21.25	0.5	273	12642769	167708	6	2	0	0
67	7531385872563200239	hard	4	1.5	0.625	475	22572781	169271	9	5	3	0
68	485356618176847108	hard	4	35	0.25	459	20510298	178886	8	4	1	0
68	485356618176847108	hard	4	27.25	0.25	532	23908895	171452	6	4	1	0
69	11886071437500045593	hard	4	15.75	0.25	208	11890514	207671	7	2	2	0
69	11886071437500045593	hard	4	17.5	0.5	229	11318471	192050	4	1	1	0
70	4840042183113692462	hard	4	-0.25	0.5	357	18850534	168200	8	4	3	0
70	4840042183113692462	hard	4	10.25	0.5	345	20000096	227773	8	4	4	0
71	16240757002436890947	hard	4	-3	0.75	348	19527409	224397	13	6	2	0
71	16240757002436890947	hard	4	11.5	0.375	309	18485193	185123	7	3	2	0
72	9194727748050537816	hard	4	17	0.5	345	17382802	173292	7	2	1	0
72	9194727748050537816	hard	4	0.5	0.75	293	16103590	251790	8	2	2	0
73	2148698493664184685	hard	4	9.5	0.5	478	29600051	285285	17	6	4	0
73	2148698493664184685	hard	4	-1.75	0.625	475	28025605	233210	9	4	3	0
74	13549413312987383170	hard	4	-16.5	1	419	23577521	214144	9	3	2	0
74	13549413312987383170	hard	4	3.75	0.25	446	22782460	196900	9	2	4	0
75	6503384058601030039	hard	4	-2.75	0.75	359	26962365	287138	7	2	4	0
75	6503384058601030039	hard	4	10.25	0.25	330	19140761	206717	5	3	2	0
76	17904098877924228524	hard	4	9.5	0.5	255	15284988	179812	6	2	3	0
76	17904098877924228524	hard	4	10.25	0.25	243	13839297	175708	4	2	1	0
77	10858069623537875393	hard	4	9.5	0.25	387	22219678	202333	6	2	1	0
77	10858069623537875393	hard	4	10	0.5	456	22932118	169800	6	2	2	0
78	3812040369151522262	hard	4	25.75	0	481	25343261	176773	6	4	2	0
78	3812040369151522262	hard	4	-16.25	0.75	397	18481906	167886	7	3	3	0
79	15212755188474720747	hard	4	9.75	0.5	327	17767284	186188	6	6	1	0
79	15212755188474720747	hard	4	37.75	0	320	15795793	153851	5	1	1	0
80	8166725934088367616	hard	4	20	0.25	357	19488023	186153	4	3	1	0
80	8166725934088367616	hard	4	6.25	0.5	331	17120856	160773	4	2	2	0
81	1120696679702014485	hard	4	-5.25	0.5	485	22621637	190160	7	1	3	0
81	1120696679702014485	hard	4	-12.75	0.75	526	23647292	190922	5	4	3	0
82	12521411499025212970	hard	4	-0.5	0.75	427	21711074	191900	10	4	2	0
82	12521411499025212970	hard	4	1	0.375	547	26838423	157422	12	8	3	0
83	5475382244638859839	hard	4	11.5	0.25	511	27773563	217298	8	2	3	0
83	5475382244638859839	hard	4	10	0.25	393	21832293	200280	6	3	4	0
84	16876097063962058324	hard	4	5	0.375	400	21450394	174879	10	2	4	0
84	16876097063962058324	hard	4	2.25	0.75	342	18553852	210210	6	3	3	0
85	9830067809575705193	hard	4	31.5	0.25	234	11054336	191620	9	2	0	0
85	9830067809575705193	hard	4	19.75	0.25	290	12604337	160514	7	3	4	0
86	2784038555189352062	hard	4	-7.5	0.75	496	21181655	212581	8	2	4	0
86	2784038555189352062	hard	4	3	0.5	541	24218548	189255	11	4	4	0
87	14184753374512550547	hard	4	-2.25	0.5	313	14522373	180743	7	3	2	0
87	14184753374512550547	hard	4	22.25	0.25	280	13597129	199965	6	2	3	0
88	7138724120126197416	hard	4	16.5	0.375	335	16922141	170555	11	4	3	0
88	7138724120126197416	hard	4	22.75	0	586	26970564	148700	7	3	2	0
89	92694865739844285	hard	4	18.25	0.25	562	24292680	176432	10	5	3	0
89	92694865739844285	hard	4	14.5	0.125	646	26124871	153731	7	4	4	0
90	11493409685063042770	hard	4	1.25	0.625	376	18082842	204027	10	5	3	0
90	11493409685063042770	hard	4	7.5	0.5	247	9915203	149866	8	2	2	0
91	4447380430676689639	hard	4	5.75	0.5	351	15219868	156055	7	7	2	0
91	4447380430676689639	hard	4	9.25	0.375	467	19718162	139765	6	4	3	0
92	15848095249999888124	hard	4	8	0.5	531	22504544	167043	9	4	3	0
92	15848095249999888124	hard	4	0.5	0.75	603	22060233	141453	7	4	3	0
93	8802065995613534993	hard	4	2.5	0.625	406	16233081	153040	6	2	2	0
93	8802065995613534993	hard	4	5.25	0.5	582	21292596	129067	10	7	3	0
94	1756036741227181862	hard	4	8	0.5	581	19897562	153325	11	6	4	0
94	1756036741227181862	hard	4	0.25	0.5	624	19526676	121389	6	5	3	0
95	13156751560550380347	hard	4	18	0.25	396	12974286	121377	7	4	1	0
95	13156751560550380347	hard	4	-1.25	0.25	415	12828565	156464	12	6	2	0
