# Args { candidate: "hard", compare: Some("normal"), opponents: ["challenger"], cfg: [("budget_us", "0"), ("simulations", "128"), ("confirmation_samples", "48"), ("learned_value", "true"), ("value_model_path", "data/match_value/model-v1.bin"), ("validate_calls", "true"), ("min_cabo_success", "0"), ("avoid_cycles", "true")], compare_cfg: [("budget_us", "0"), ("simulations", "128"), ("confirmation_samples", "48")], opponent_cfg: [], players: 2, blocks: 48, seed: 591000, jobs: 2, target: 100, start_scores: [], out: Some("reports/HARD_R26_LEARNED_CALLS_TWO_PLAYERS.tsv") }
block	seed	bot	games	mean_gap	win_share	decisions	decision_us	max_us	calls	successes	resets	high_pairs
0	591000	hard	2	5	0.5	113	714247	20935	5	3	0	0
0	591000	normal	2	-4	0.5	113	688038	19896	6	5	0	0
1	11400714819323789485	hard	2	-45.5	1	58	331734	20626	7	6	0	0
1	11400714819323789485	normal	2	-9	1	105	735475	21628	8	6	0	0
2	4354685564937436354	hard	2	-57.5	1	118	786335	21587	6	5	0	0
2	4354685564937436354	normal	2	-9	1	97	694738	19468	9	4	0	0
3	15755400384260634839	hard	2	-25	0.5	62	347902	17261	6	4	1	0
3	15755400384260634839	normal	2	1.5	0.5	94	525216	14485	5	4	0	0
4	8709371129874281708	hard	2	3	0.5	88	483556	17176	4	0	1	0
4	8709371129874281708	normal	2	-31.5	1	98	541605	19298	6	4	1	0
5	1663341875487928577	hard	2	-37.5	1	96	626851	18820	4	2	0	0
5	1663341875487928577	normal	2	-9.5	1	124	845300	25532	8	5	0	0
6	13064056694811127062	hard	2	24	0	118	835469	21943	7	4	0	0
6	13064056694811127062	normal	2	2.5	0.5	97	596053	17877	9	6	0	0
7	6018027440424773931	hard	2	-26	1	132	842128	20177	7	4	0	0
7	6018027440424773931	normal	2	-1.5	0.5	100	678451	20236	7	3	0	0
8	17418742259747972416	hard	2	-37.5	1	152	1001137	19763	5	4	0	0
8	17418742259747972416	normal	2	-30.5	0.5	124	857265	21040	6	3	1	0
9	10372713005361619285	hard	2	-13.5	1	114	778158	18004	5	2	0	0
9	10372713005361619285	normal	2	26.5	0.5	93	529767	21076	8	4	0	0
10	3326683750975266154	hard	2	-26	1	193	1257006	22037	8	5	2	0
10	3326683750975266154	normal	2	-42.5	1	108	721972	20113	7	5	1	0
11	14727398570298464639	hard	2	-23.5	1	134	968782	24528	6	5	0	0
11	14727398570298464639	normal	2	-36.5	1	123	827016	19744	6	5	0	0
12	7681369315912111508	hard	2	-13	0.5	70	426041	17607	2	1	0	0
12	7681369315912111508	normal	2	-7	0.5	70	372550	15236	4	2	1	0
13	635340061525758377	hard	2	-31	1	159	1103785	21655	8	7	0	0
13	635340061525758377	normal	2	39	0	91	618824	21848	8	5	1	0
14	12036054880848956862	hard	2	2.5	0.5	97	602014	22463	6	5	0	0
14	12036054880848956862	normal	2	11	0.5	78	482456	23175	6	4	0	0
15	4990025626462603731	hard	2	-29.5	1	122	799019	22113	8	7	0	0
15	4990025626462603731	normal	2	-60	1	162	1202347	29636	12	9	2	0
16	16390740445785802216	hard	2	-12	1	75	737943	31435	5	2	0	0
16	16390740445785802216	normal	2	1.5	0.5	86	797767	30966	6	2	0	0
17	9344711191399449085	hard	2	-57.5	1	171	1337201	24484	7	7	1	0
17	9344711191399449085	normal	2	11.5	0	165	1081648	19672	6	3	0	0
18	2298681937013095954	hard	2	-26	1	156	1146308	31527	8	5	1	0
18	2298681937013095954	normal	2	-42	1	87	622743	21583	6	3	0	0
19	13699396756336294439	hard	2	-8	0.5	210	1749175	37983	6	6	0	0
19	13699396756336294439	normal	2	-39.5	1	127	1041296	26162	8	5	0	0
20	6653367501949941308	hard	2	-46	1	108	800386	27720	4	3	0	0
20	6653367501949941308	normal	2	-22.5	0.5	130	1076143	25692	7	4	1	0
21	18054082321273139793	hard	2	-10	0.5	119	1033262	31360	9	7	1	0
21	18054082321273139793	normal	2	11.5	0.5	72	673209	27713	5	3	0	0
22	11008053066886786662	hard	2	-12.5	1	178	1596102	50600	5	2	1	0
22	11008053066886786662	normal	2	-22	0.5	122	1104607	27314	6	4	1	0
23	3962023812500433531	hard	2	-2.5	0.5	135	1127724	28217	7	3	1	0
23	3962023812500433531	normal	2	2	0.5	61	505608	23024	4	2	0	0
24	15362738631823632016	hard	2	16.5	0.5	87	672404	31142	7	3	1	0
24	15362738631823632016	normal	2	37.5	0.5	101	754990	27666	7	3	1	0
25	8316709377437278885	hard	2	8	0.5	159	1386681	29719	6	2	1	0
25	8316709377437278885	normal	2	-3	0.5	125	1007518	26608	6	2	1	0
26	1270680123050925754	hard	2	-18	1	132	996210	28292	6	4	1	0
26	1270680123050925754	normal	2	-10	0.5	94	725191	31325	9	6	1	0
27	12671394942374124239	hard	2	-11.5	1	77	507245	25698	5	2	0	0
27	12671394942374124239	normal	2	-13.5	1	72	473734	27095	7	3	0	0
28	5625365687987771108	hard	2	-19.5	1	135	1151168	33001	8	6	0	0
28	5625365687987771108	normal	2	-23	1	139	1074273	30927	9	5	1	0
29	17026080507310969593	hard	2	-32	1	106	854573	26824	6	5	0	0
29	17026080507310969593	normal	2	-59	1	137	1029108	23636	11	10	1	0
30	9980051252924616462	hard	2	9	0.5	175	1514970	27063	8	5	1	0
30	9980051252924616462	normal	2	-1	0.5	108	1188404	34476	5	4	1	0
31	2934021998538263331	hard	2	-4	0.5	108	704401	25010	8	5	1	0
31	2934021998538263331	normal	2	-47.5	1	86	577395	22830	10	6	1	0
32	14334736817861461816	hard	2	-40	1	118	1090594	29431	9	7	0	0
32	14334736817861461816	normal	2	-4.5	0.5	110	841646	29757	6	4	0	0
33	7288707563475108685	hard	2	-47.5	1	94	882908	30620	7	6	0	0
33	7288707563475108685	normal	2	-30.5	1	98	758863	22882	7	3	1	0
34	242678309088755554	hard	2	-19	1	68	472348	16567	5	2	0	0
34	242678309088755554	normal	2	6.5	0.5	76	662800	27861	7	4	0	0
35	11643393128411954039	hard	2	-26	0.5	123	912746	30916	7	5	1	0
35	11643393128411954039	normal	2	4.5	0.5	59	375308	24951	6	3	0	0
36	4597363874025600908	hard	2	-16	0.5	85	684726	23029	4	3	1	0
36	4597363874025600908	normal	2	-3	0.5	82	698787	31647	3	3	1	0
37	15998078693348799393	hard	2	0	0.5	165	1432939	34752	8	7	1	0
37	15998078693348799393	normal	2	-31.5	1	139	1140825	29289	8	5	1	0
38	8952049438962446262	hard	2	24	0.5	178	1297083	27837	5	3	1	0
38	8952049438962446262	normal	2	-33	1	88	780363	28773	8	5	0	0
39	1906020184576093131	hard	2	-22.5	0.5	126	1056329	25401	6	4	0	0
39	1906020184576093131	normal	2	-18	0.5	106	845567	31071	5	4	0	0
40	13306735003899291616	hard	2	15.5	0.5	77	574402	34621	2	0	0	0
40	13306735003899291616	normal	2	-48	1	88	586691	19674	6	5	1	0
41	6260705749512938485	hard	2	-66	1	145	1386667	30562	9	8	1	0
41	6260705749512938485	normal	2	-2.5	0.5	95	823952	24934	4	2	0	0
42	17661420568836136970	hard	2	0	0.5	126	1243632	30418	5	1	0	0
42	17661420568836136970	normal	2	-11	0.5	149	1168744	28841	9	6	0	0
43	10615391314449783839	hard	2	3.5	0.5	65	456411	22221	6	4	0	0
43	10615391314449783839	normal	2	-10	1	85	624854	24624	7	5	0	0
44	3569362060063430708	hard	2	-11.5	0.5	109	820679	33950	6	4	1	0
44	3569362060063430708	normal	2	6	0.5	54	417618	24759	5	3	0	0
45	14970076879386629193	hard	2	-28	0.5	126	976166	25985	8	7	0	0
45	14970076879386629193	normal	2	-9	0.5	97	684773	24488	5	3	0	0
46	7924047625000276062	hard	2	-43	1	165	1278405	25842	4	2	1	0
46	7924047625000276062	normal	2	-30	1	98	864257	25478	5	4	0	0
47	878018370613922931	hard	2	-20	0.5	98	744755	24033	6	5	0	0
47	878018370613922931	normal	2	-31.5	0.5	108	746652	21937	6	5	0	0
