# Args { candidate: "hard", compare: Some("normal"), opponents: ["challenger"], cfg: [("budget_us", "0"), ("simulations", "128"), ("confirmation_samples", "48"), ("learned_value", "true"), ("value_model_path", "data/match_value/model-v1.bin"), ("validate_calls", "true"), ("min_cabo_success", "0"), ("avoid_cycles", "true")], compare_cfg: [("budget_us", "0"), ("simulations", "128"), ("confirmation_samples", "48")], opponent_cfg: [], players: 3, blocks: 48, seed: 592000, jobs: 2, target: 100, start_scores: [], out: Some("reports/HARD_R27_LEARNED_CALLS_THREE_PLAYERS.tsv") }
block	seed	bot	games	mean_gap	win_share	decisions	decision_us	max_us	calls	successes	resets	high_pairs
0	592000	hard	3	18.666666666666668	0.3333333333333333	264	6662174	73110	7	5	1	0
0	592000	normal	3	15	0.3333333333333333	237	5346933	69576	7	4	2	0
1	11400714819323790485	hard	3	-14.666666666666666	1	286	6388165	101168	5	4	1	0
1	11400714819323790485	normal	3	-9	0.6666666666666666	216	4734592	89150	8	4	2	0
2	4354685564937437354	hard	3	47.666666666666664	0	188	3910120	67620	9	2	2	0
2	4354685564937437354	normal	3	16.666666666666668	0	205	4375883	76191	8	6	1	0
3	15755400384260635839	hard	3	0.6666666666666666	0.6666666666666666	300	6742288	91752	9	5	2	0
3	15755400384260635839	normal	3	-22	1	282	6024254	75621	12	10	2	0
4	8709371129874282708	hard	3	7	0.6666666666666666	190	4413930	76880	9	5	1	0
4	8709371129874282708	normal	3	31.333333333333332	0	238	4753352	70580	8	6	0	0
5	1663341875487929577	hard	3	2.3333333333333335	0.3333333333333333	328	7570634	84131	10	7	3	0
5	1663341875487929577	normal	3	12.666666666666666	0.6666666666666666	246	5786283	104026	7	5	0	0
6	13064056694811128062	hard	3	3.3333333333333335	0.6666666666666666	213	4538268	78012	7	3	1	0
6	13064056694811128062	normal	3	9.333333333333334	0.5	266	5299710	71571	3	1	1	0
7	6018027440424774931	hard	3	-2.3333333333333335	0.6666666666666666	191	4011540	70113	7	3	3	0
7	6018027440424774931	normal	3	10	0.3333333333333333	167	3474521	85997	6	2	2	0
8	17418742259747973416	hard	3	-1.3333333333333333	0.6666666666666666	287	5468066	57760	6	4	2	0
8	17418742259747973416	normal	3	18	0.3333333333333333	215	4104492	54560	6	2	0	0
9	10372713005361620285	hard	3	-5	0.8333333333333334	380	8508056	70674	11	7	3	0
9	10372713005361620285	normal	3	0.3333333333333333	0.6666666666666666	320	6819533	67059	9	5	2	0
10	3326683750975267154	hard	3	21.666666666666668	0.3333333333333333	259	4956163	59567	9	2	2	0
10	3326683750975267154	normal	3	-17	1	293	5702647	71491	10	5	3	0
11	14727398570298465639	hard	3	3	0.3333333333333333	202	4154125	63390	6	3	1	0
11	14727398570298465639	normal	3	9.333333333333334	0.3333333333333333	183	3510931	64091	7	3	1	0
12	7681369315912112508	hard	3	2.3333333333333335	0.6666666666666666	291	5193054	57669	5	1	2	0
12	7681369315912112508	normal	3	2.6666666666666665	0.3333333333333333	185	3565904	62679	7	3	1	0
13	635340061525759377	hard	3	-12	0.6666666666666666	260	5208269	82026	9	4	2	0
13	635340061525759377	normal	3	10	0.6666666666666666	316	6195977	61802	7	4	2	0
14	12036054880848957862	hard	3	-2.6666666666666665	0.3333333333333333	246	5245707	68415	6	5	0	0
14	12036054880848957862	normal	3	-10.666666666666666	0.6666666666666666	188	3982036	59965	7	3	2	0
15	4990025626462604731	hard	3	-13.333333333333334	0.6666666666666666	192	4239270	67833	8	4	1	0
15	4990025626462604731	normal	3	37	0	282	5932281	64917	8	2	1	0
16	16390740445785803216	hard	3	25.666666666666668	0	221	4668356	64389	6	2	0	0
16	16390740445785803216	normal	3	3	0.6666666666666666	302	5674371	66292	9	4	2	0
17	9344711191399450085	hard	3	3.3333333333333335	0.6666666666666666	251	4981887	64563	6	2	3	0
17	9344711191399450085	normal	3	-18.333333333333332	0.6666666666666666	202	4022885	53749	6	1	2	0
18	2298681937013096954	hard	3	-30.666666666666668	1	187	3994966	60376	5	5	2	0
18	2298681937013096954	normal	3	6.333333333333333	0.3333333333333333	242	4797418	56953	8	3	2	0
19	13699396756336295439	hard	3	17.333333333333332	0	316	6107277	64329	6	4	1	0
19	13699396756336295439	normal	3	0.3333333333333333	0.6666666666666666	261	5163004	62181	6	4	2	0
20	6653367501949942308	hard	3	27	0.3333333333333333	278	5619626	66361	6	5	0	0
20	6653367501949942308	normal	3	33.666666666666664	0	303	5704211	60251	10	8	1	0
21	18054082321273140793	hard	3	15.666666666666666	0.3333333333333333	285	5429105	59726	6	2	2	0
21	18054082321273140793	normal	3	2	0.3333333333333333	236	4614228	70607	7	3	2	0
22	11008053066886787662	hard	3	20.666666666666668	0.3333333333333333	161	2660352	52308	3	3	1	0
22	11008053066886787662	normal	3	38.333333333333336	0.3333333333333333	152	2551920	60080	8	5	0	0
23	3962023812500434531	hard	3	-0.3333333333333333	0.3333333333333333	301	5917713	72094	5	2	2	0
23	3962023812500434531	normal	3	-12.666666666666666	0.6666666666666666	237	4488792	77516	6	3	2	0
24	15362738631823633016	hard	3	0.3333333333333333	0.6666666666666666	235	5001652	67742	9	4	2	0
24	15362738631823633016	normal	3	-4.333333333333333	0.6666666666666666	202	4039205	59531	9	7	0	0
25	8316709377437279885	hard	3	12.333333333333334	0.6666666666666666	201	3931563	57555	8	3	1	0
25	8316709377437279885	normal	3	-22	1	263	6156692	82577	9	5	3	0
26	1270680123050926754	hard	3	16.333333333333332	0.6666666666666666	176	3649903	58970	6	3	0	0
26	1270680123050926754	normal	3	0	0.6666666666666666	155	3245619	74800	5	2	1	0
27	12671394942374125239	hard	3	-2.3333333333333335	0.3333333333333333	200	4918427	90843	7	4	2	0
27	12671394942374125239	normal	3	-15.333333333333334	0.6666666666666666	164	4381357	101131	7	4	2	0
28	5625365687987772108	hard	3	19.333333333333332	0	227	7099973	105657	10	6	2	0
28	5625365687987772108	normal	3	8	0.3333333333333333	223	6119339	86437	7	6	1	0
29	17026080507310970593	hard	3	-11.666666666666666	1	166	6006499	135882	10	4	1	0
29	17026080507310970593	normal	3	40.666666666666664	0	254	10399918	222392	8	5	1	0
30	9980051252924617462	hard	3	-21.666666666666668	0.8333333333333334	162	7362661	195029	7	4	1	0
30	9980051252924617462	normal	3	-5.333333333333333	0.3333333333333333	196	8765716	136826	6	3	2	0
31	2934021998538264331	hard	3	-1.6666666666666667	0.6666666666666666	427	18314672	164882	9	5	2	0
31	2934021998538264331	normal	3	1.3333333333333333	0.3333333333333333	228	8310581	137250	6	3	1	0
32	14334736817861462816	hard	3	13.666666666666666	0.3333333333333333	266	10806592	133883	9	5	1	0
32	14334736817861462816	normal	3	27.666666666666668	0.3333333333333333	281	10839173	156480	7	4	1	0
33	7288707563475109685	hard	3	12	0.3333333333333333	205	6408736	121172	6	3	1	0
33	7288707563475109685	normal	3	-4	0.3333333333333333	204	6303874	97501	7	3	2	0
34	242678309088756554	hard	3	-26	1	255	7350659	102232	5	0	3	0
34	242678309088756554	normal	3	0	0.6666666666666666	261	6995661	95105	11	5	2	0
35	11643393128411955039	hard	3	26.666666666666668	0.3333333333333333	315	8743288	108591	8	4	2	0
35	11643393128411955039	normal	3	8.333333333333334	0.3333333333333333	184	5066050	91094	6	5	1	0
36	4597363874025601908	hard	3	16	0.3333333333333333	241	7724156	88181	6	3	1	0
36	4597363874025601908	normal	3	-1	0.6666666666666666	206	6397056	91585	8	4	2	0
37	15998078693348800393	hard	3	-1.3333333333333333	0.6666666666666666	348	8921999	115163	8	4	2	0
37	15998078693348800393	normal	3	-9	0.6666666666666666	230	5812429	83563	7	4	1	0
38	8952049438962447262	hard	3	-10	0.6666666666666666	183	5199652	128119	5	3	2	0
38	8952049438962447262	normal	3	25.666666666666668	0.3333333333333333	236	6388260	105803	6	3	2	0
39	1906020184576094131	hard	3	45.666666666666664	0	248	7383563	92764	12	3	2	0
39	1906020184576094131	normal	3	23.666666666666668	0.3333333333333333	240	6677249	92976	10	5	2	0
40	13306735003899292616	hard	3	18	0.3333333333333333	371	9125820	86433	8	5	2	0
40	13306735003899292616	normal	3	37	0	316	7303640	77534	8	3	2	0
41	6260705749512939485	hard	3	16	0.3333333333333333	193	5989360	85694	7	3	2	0
41	6260705749512939485	normal	3	-4.666666666666667	0.6666666666666666	211	5657484	77471	7	4	2	0
42	17661420568836137970	hard	3	-0.3333333333333333	0.5	382	10017940	95061	7	7	1	0
42	17661420568836137970	normal	3	31.333333333333332	0	354	10079423	130377	10	6	2	0
43	10615391314449784839	hard	3	16.333333333333332	0.3333333333333333	363	8033456	94241	8	6	0	0
43	10615391314449784839	normal	3	35.333333333333336	0	293	6584362	91786	7	5	2	0
44	3569362060063431708	hard	3	27.666666666666668	0.3333333333333333	236	6540807	98900	9	4	2	0
44	3569362060063431708	normal	3	19.666666666666668	0	291	7543438	88866	10	7	3	0
45	14970076879386630193	hard	3	-6.333333333333333	0.6666666666666666	300	7021612	86307	7	4	1	0
45	14970076879386630193	normal	3	-1.3333333333333333	0.3333333333333333	254	6023843	89531	4	2	1	0
46	7924047625000277062	hard	3	-1	0.6666666666666666	282	6993717	78101	6	5	2	0
46	7924047625000277062	normal	3	18.666666666666668	0.3333333333333333	255	6268790	93622	8	4	1	0
47	878018370613923931	hard	3	3.6666666666666665	0.3333333333333333	367	8674498	99188	8	5	2	0
47	878018370613923931	normal	3	1.6666666666666667	0.3333333333333333	354	7857117	80271	11	8	1	0
