# Args { candidate: "normal", compare: Some("planner"), opponents: ["challenger"], cfg: [("budget_us", "0"), ("simulations", "256")], compare_cfg: [("budget_us", "0"), ("simulations", "256"), ("special_tactics", "false")], opponent_cfg: [], players: 4, blocks: 20, seed: 91004, jobs: 2, target: 100, start_scores: [], out: Some("reports/SPECIAL_NORMAL_START.tsv") }
block	seed	bot	games	mean_gap	win_share	decisions	decision_us	max_us	calls	successes	resets	high_pairs
0	91004	normal	4	2	0.25	320	17759548	165404	7	2	3	0
0	91004	planner	4	12.5	0.25	551	23360332	126406	6	4	2	0
1	11400714819323289489	normal	4	-14	0.75	257	15255186	193032	7	4	3	0
1	11400714819323289489	planner	4	16.25	0.25	410	18857782	120875	8	5	2	0
2	4354685564936936358	normal	4	10.75	0	337	19197698	190736	8	4	3	0
2	4354685564936936358	planner	4	34	0	338	15893513	118732	7	4	0	0
3	15755400384260134843	normal	4	16	0.25	415	25057278	202404	7	3	3	0
3	15755400384260134843	planner	4	11.5	0.25	283	12880637	122853	6	2	1	0
4	8709371129873781712	normal	4	15.75	0.25	496	29869744	196117	8	5	2	0
4	8709371129873781712	planner	4	26	0	534	23539788	127196	10	6	1	0
5	1663341875487428581	normal	4	10	0.25	555	33195582	189048	9	3	4	0
5	1663341875487428581	planner	4	29.75	0	625	28315346	120848	11	7	2	0
6	13064056694810627066	normal	4	29	0.25	269	14426159	172565	9	5	1	0
6	13064056694810627066	planner	4	10.5	0.5	297	12050375	105016	10	6	1	0
7	6018027440424273935	normal	4	11.75	0.25	332	19053984	224523	7	5	2	0
7	6018027440424273935	planner	4	17	0.25	326	13320443	115996	9	6	1	0
8	17418742259747472420	normal	4	28.75	0.25	459	26282563	193598	8	3	3	0
8	17418742259747472420	planner	4	16.5	0.25	377	17467252	123072	9	6	1	0
9	10372713005361119289	normal	4	16	0	307	18621879	189276	9	3	2	0
9	10372713005361119289	planner	4	-6.5	1	414	19743054	112541	12	5	2	0
10	3326683750974766158	normal	4	14.5	0.25	297	18444359	205898	8	6	1	0
10	3326683750974766158	planner	4	15	0.25	270	13253195	121466	8	6	0	0
11	14727398570297964643	normal	4	43.25	0	520	26414259	157247	7	3	2	0
11	14727398570297964643	planner	4	17.5	0.25	641	23350512	103185	11	7	2	0
12	7681369315911611512	normal	4	-1	0.5	459	25511495	159530	12	8	4	0
12	7681369315911611512	planner	4	18	0.5	467	18614841	102165	10	8	0	0
13	635340061525258381	normal	4	26.25	0	465	20747694	125943	7	3	2	0
13	635340061525258381	planner	4	39	0	400	14201926	91686	7	3	0	0
14	12036054880848456866	normal	4	9	0.5	542	21387091	128621	15	12	3	0
14	12036054880848456866	planner	4	23	0	521	16781906	91014	11	8	2	0
15	4990025626462103735	normal	4	10.75	0.5	501	21941088	146987	8	5	2	0
15	4990025626462103735	planner	4	8.25	0.5	516	18093289	90198	8	5	2	0
16	16390740445785302220	normal	4	-3.75	0.5	657	31036166	174321	10	7	0	0
16	16390740445785302220	planner	4	6.75	0.25	642	22741940	92175	8	4	1	0
17	9344711191398949089	normal	4	14.25	0.25	338	16036122	153007	9	3	4	0
17	9344711191398949089	planner	4	30.25	0.25	406	13837490	121469	8	2	1	0
18	2298681937012595958	normal	4	19.75	0	470	21028783	123112	14	5	4	0
18	2298681937012595958	planner	4	42	0	433	14542324	84445	9	5	0	0
19	13699396756335794443	normal	4	34.5	0	314	13669461	121761	3	0	1	0
19	13699396756335794443	planner	4	17.5	0.25	311	11291473	93681	7	2	1	0
