# Args { candidate: "normal", compare: Some("planner"), opponents: ["challenger"], cfg: [("budget_us", "0"), ("simulations", "256")], compare_cfg: [("budget_us", "0"), ("simulations", "256"), ("special_tactics", "false")], opponent_cfg: [], players: 4, blocks: 20, seed: 92004, jobs: 2, target: 100, start_scores: [80, 90, 95, 70], out: Some("reports/SPECIAL_NORMAL_LATE.tsv") }
block	seed	bot	games	mean_gap	win_share	decisions	decision_us	max_us	calls	successes	resets	high_pairs
0	92004	normal	4	8.5	0.375	59	5267161	218188	2	0	3	0
0	92004	planner	4	23.25	0.25	55	2444883	101257	1	1	0	0
1	11400714819323290489	normal	4	24	0.25	53	4845486	185694	0	0	2	0
1	11400714819323290489	planner	4	15	0.25	152	6975965	108138	2	1	2	0
2	4354685564936937358	normal	4	30.5	0.125	149	11748948	206851	0	0	3	0
2	4354685564936937358	planner	4	28	0.125	123	6462960	117180	1	1	2	0
3	15755400384260135843	normal	4	-6.5	0.5	58	4394833	219940	0	0	2	0
3	15755400384260135843	planner	4	21.25	0.25	37	1524781	112661	1	0	0	0
4	8709371129873782712	normal	4	20.25	0	34	2964888	178587	0	0	0	0
4	8709371129873782712	planner	4	16.75	0.25	29	1358599	95315	1	1	0	0
5	1663341875487429581	normal	4	9	0.25	209	12971292	173418	2	2	4	0
5	1663341875487429581	planner	4	29.75	0	66	2737167	111580	1	1	1	0
6	13064056694810628066	normal	4	15	0.5	149	9270952	214572	2	0	2	0
6	13064056694810628066	planner	4	13.75	0.25	45	2590108	113545	1	1	1	0
7	6018027440424274935	normal	4	26.25	0	118	8271866	206062	1	0	2	0
7	6018027440424274935	planner	4	25.75	0.25	67	3778338	139770	1	1	2	0
8	17418742259747473420	normal	4	15	0.25	30	2575905	178668	1	1	0	0
8	17418742259747473420	planner	4	13.5	0.25	30	1310814	110193	1	1	0	0
9	10372713005361120289	normal	4	27.5	0	102	6699419	195613	0	0	2	0
9	10372713005361120289	planner	4	36.25	0	127	5630755	134749	0	0	1	0
10	3326683750974767158	normal	4	13.5	0.25	79	6454742	188416	1	0	3	0
10	3326683750974767158	planner	4	41	0	64	2964305	101961	1	0	0	0
11	14727398570297965643	normal	4	15.5	0.5	143	10601542	218857	2	2	2	0
11	14727398570297965643	planner	4	43.5	0	171	7874691	114308	1	0	1	0
12	7681369315911612512	normal	4	-0.75	0.5	38	3213362	207243	0	0	2	0
12	7681369315911612512	planner	4	25.75	0	45	1725056	98408	1	1	0	0
13	635340061525259381	normal	4	3.25	0.375	382	24191049	181359	3	2	4	0
13	635340061525259381	planner	4	16.25	0.125	416	20338589	118838	7	6	3	0
14	12036054880848457866	normal	4	16.75	0.25	143	10095884	227120	1	1	2	0
14	12036054880848457866	planner	4	18.5	0.25	55	2932698	115229	2	0	1	0
15	4990025626462104735	normal	4	23.5	0.125	65	5989007	183628	2	0	2	0
15	4990025626462104735	planner	4	-6.75	0.75	154	7067321	119486	2	2	3	0
16	16390740445785303220	normal	4	-9.5	0.75	60	4998520	199880	0	0	4	0
16	16390740445785303220	planner	4	28	0.25	50	2224509	106420	2	2	0	0
17	9344711191398950089	normal	4	16.5	0.5	32	3130911	200445	0	0	2	0
17	9344711191398950089	planner	4	25.25	0.25	30	1600713	97774	2	1	1	0
18	2298681937012596958	normal	4	-4.75	0.25	103	7162811	174663	1	0	3	0
18	2298681937012596958	planner	4	37.25	0	86	4260198	138195	0	0	0	0
19	13699396756335795443	normal	4	16	0.375	58	5480537	189133	0	0	2	0
19	13699396756335795443	planner	4	39.75	0	88	4181765	101208	3	3	0	0
