# Args { candidate: "hard", compare: Some("normal"), opponents: ["challenger"], cfg: [("budget_us", "60000")], compare_cfg: [("budget_us", "30000")], opponent_cfg: [], players: 4, blocks: 20, seed: 93004, jobs: 2, target: 100, start_scores: [], out: Some("reports/SPECIAL_HARD_START.tsv") }
block	seed	bot	games	mean_gap	win_share	decisions	decision_us	max_us	calls	successes	resets	high_pairs
0	93004	hard	4	52.25	0	546	24644325	60530	6	1	2	0
0	93004	normal	4	4.25	0.25	636	14412804	30583	14	8	4	0
1	11400714819323291489	hard	4	2.75	0.25	336	14922098	60545	7	6	2	0
1	11400714819323291489	normal	4	25.75	0.25	341	7408125	30339	10	6	3	0
2	4354685564936938358	hard	4	15.25	0.25	347	15657937	60582	6	0	2	0
2	4354685564936938358	normal	4	11	0.5	344	7832062	30473	7	0	2	0
3	15755400384260136843	hard	4	4.5	0.5	293	12923889	60374	5	4	0	0
3	15755400384260136843	normal	4	9.25	0.5	258	5455396	30311	5	5	0	0
4	8709371129873783712	hard	4	-5.25	0.75	272	11674877	60409	6	1	2	0
4	8709371129873783712	normal	4	2.75	0.5	273	5975516	30448	4	0	2	0
5	1663341875487430581	hard	4	20.75	0.25	407	18186470	60506	8	3	3	0
5	1663341875487430581	normal	4	6.5	0.625	465	10593363	30415	10	6	3	0
6	13064056694810629066	hard	4	16	0.25	548	24377750	60704	7	2	3	0
6	13064056694810629066	normal	4	1.25	0.5	755	17175265	30771	8	3	2	0
7	6018027440424275935	hard	4	12.25	0.25	447	19930942	60470	12	9	3	0
7	6018027440424275935	normal	4	16.25	0.25	373	8291858	30540	8	2	3	0
8	17418742259747474420	hard	4	37.25	0	397	17617652	60526	10	3	2	0
8	17418742259747474420	normal	4	38.75	0	461	10398594	30439	9	4	3	0
9	10372713005361121289	hard	4	5	0.5	332	14179297	60444	9	6	1	0
9	10372713005361121289	normal	4	29.5	0	414	9098766	30502	9	5	1	0
10	3326683750974768158	hard	4	19.25	0.25	257	11261121	60306	6	2	2	0
10	3326683750974768158	normal	4	9	0.5	228	5064196	30453	6	4	2	0
11	14727398570297966643	hard	4	0.25	0.625	201	8679488	60330	6	4	3	0
11	14727398570297966643	normal	4	16	0.375	230	4934749	30472	5	3	2	0
12	7681369315911613512	hard	4	27.25	0.25	359	15594480	60391	5	4	2	0
12	7681369315911613512	normal	4	39	0.125	348	7754189	30275	3	3	0	0
13	635340061525260381	hard	4	-6.25	0.75	667	29755015	60963	8	7	3	0
13	635340061525260381	normal	4	-7.75	0.75	512	11294113	30306	7	6	3	0
14	12036054880848458866	hard	4	21.75	0.25	335	15374615	60511	6	1	2	0
14	12036054880848458866	normal	4	11.5	0.5	590	13464838	30918	8	3	4	0
15	4990025626462105735	hard	4	4.5	0.25	618	27754538	60323	6	6	1	0
15	4990025626462105735	normal	4	10.25	0.125	570	12856301	30371	10	8	3	0
16	16390740445785304220	hard	4	14.75	0.25	233	9830799	60422	7	3	1	0
16	16390740445785304220	normal	4	0.75	0.5	315	6805336	30337	7	5	2	0
17	9344711191398951089	hard	4	0.75	0.75	309	13498491	60485	7	3	2	0
17	9344711191398951089	normal	4	10.75	0.25	364	8250131	30967	8	4	3	0
18	2298681937012597958	hard	4	14.75	0.25	313	13758025	60323	6	3	1	0
18	2298681937012597958	normal	4	28	0.25	342	7514972	30376	7	4	1	0
19	13699396756335796443	hard	4	-12.5	1	311	13857742	60850	7	6	2	0
19	13699396756335796443	normal	4	18.25	0.25	465	10307522	30347	9	8	2	0
