# Args { candidate: "normal", compare: Some("planner"), opponents: ["challenger"], cfg: [("budget_us", "50000")], compare_cfg: [("budget_us", "50000"), ("special_tactics", "false")], opponent_cfg: [], players: 4, blocks: 20, seed: 94004, jobs: 2, target: 100, start_scores: [80, 90, 95, 70], out: Some("reports/SPECIAL_NORMAL_LATE_TIME.tsv") }
block	seed	bot	games	mean_gap	win_share	decisions	decision_us	max_us	calls	successes	resets	high_pairs
0	94004	normal	4	10.75	0.5	128	4914279	50961	1	0	4	0
0	94004	planner	4	32.75	0	137	5175966	50479	3	2	0	0
1	11400714819323292489	normal	4	17.5	0.25	40	1597499	50743	1	1	0	0
1	11400714819323292489	planner	4	18.75	0.25	39	1512626	50298	1	1	0	0
2	4354685564936939358	normal	4	28.75	0.25	21	677699	50548	1	1	1	0
2	4354685564936939358	planner	4	28.75	0.25	21	698608	50361	1	1	1	0
3	15755400384260137843	normal	4	12.25	0.5	162	6342018	50384	0	0	3	0
3	15755400384260137843	planner	4	24	0.25	124	4924644	50296	0	0	1	0
4	8709371129873784712	normal	4	-12	0.75	52	2086328	50547	2	0	3	0
4	8709371129873784712	planner	4	43.5	0.125	68	2664988	50301	2	2	1	0
5	1663341875487431581	normal	4	23.75	0.25	28	977351	50360	1	1	1	0
5	1663341875487431581	planner	4	23.75	0.25	38	1365674	50268	0	0	1	0
6	13064056694810630066	normal	4	16.5	0.5	33	1307480	50374	1	1	1	0
6	13064056694810630066	planner	4	27.5	0.25	31	1172065	50210	1	1	1	0
7	6018027440424276935	normal	4	10.75	0.25	16	454199	50234	1	0	0	0
7	6018027440424276935	planner	4	10.75	0.25	16	460791	50216	1	0	0	0
8	17418742259747475420	normal	4	16	0.25	68	2775811	50433	0	0	1	0
8	17418742259747475420	planner	4	12.25	0.25	84	3375383	50248	0	0	1	0
9	10372713005361122289	normal	4	19.25	0.25	39	1534611	50563	1	1	0	0
9	10372713005361122289	planner	4	20.5	0.25	39	1533068	50347	1	1	0	0
10	3326683750974769158	normal	4	28.5	0.25	20	715368	50468	1	0	2	0
10	3326683750974769158	planner	4	28.5	0.25	20	639820	50108	1	0	2	0
11	14727398570297967643	normal	4	3.25	0.625	176	6766095	50486	4	1	4	0
11	14727398570297967643	planner	4	32.75	0	144	5291437	50280	3	3	0	0
12	7681369315911614512	normal	4	21.5	0.25	32	1079181	50429	0	0	0	0
12	7681369315911614512	planner	4	12.5	0.25	30	1122182	50381	1	1	0	0
13	635340061525261381	normal	4	-7	0.625	61	2403628	50348	1	0	3	0
13	635340061525261381	planner	4	16.75	0.5	134	5037672	50267	3	3	1	0
14	12036054880848459866	normal	4	23.25	0.5	90	3537126	50443	1	1	2	0
14	12036054880848459866	planner	4	34	0	105	4188249	50262	0	0	1	0
15	4990025626462106735	normal	4	30.25	0.25	36	1387679	51117	1	1	1	0
15	4990025626462106735	planner	4	29	0.25	36	1379614	50279	1	1	1	0
16	16390740445785305220	normal	4	15.5	0.25	15	453501	50255	1	1	0	0
16	16390740445785305220	planner	4	15.5	0.25	15	416640	50129	1	1	0	0
17	9344711191398952089	normal	4	29.75	0.25	41	1597904	50618	0	0	1	0
17	9344711191398952089	planner	4	40	0	61	2356342	50212	0	0	0	0
18	2298681937012598958	normal	4	4.75	0.25	202	7508879	50510	3	1	4	0
18	2298681937012598958	planner	4	17.5	0.25	104	4086808	50229	2	0	2	0
19	13699396756335797443	normal	4	4	0.125	246	9268398	50481	3	2	4	0
19	13699396756335797443	planner	4	27.5	0	228	8393338	50250	1	1	2	0
