# Args { candidate: "hard", compare: None, opponents: ["easy"], cfg: [], compare_cfg: [], opponent_cfg: [], players: 2, blocks: 64, seed: 2026100501, jobs: 4, target: 100, start_scores: [], out: Some("research/reports/V1_RELEASE_HARD_EASY.tsv") }
block	seed	bot	games	mean_gap	win_share	decisions	decision_us	max_us	calls	successes	resets	high_pairs
0	2026100501	hard	2	-52.5	1	105	17672722	416754	8	6	0	0
1	11400714821349298986	hard	2	-47.5	1	117	19931837	417090	9	5	1	0
2	4354685566962945855	hard	2	-19	0.5	72	14842256	419099	9	4	1	0
3	15755400386286144340	hard	2	-67.5	1	57	10190016	412387	8	6	0	0
4	8709371131899791209	hard	2	-29.5	1	115	21571605	417295	7	4	1	0
5	1663341877513438078	hard	2	-57	1	110	24354345	424494	7	6	0	0
6	13064056696836636563	hard	2	-21.5	1	106	21712349	420511	9	4	1	0
7	6018027442450283432	hard	2	-5.5	0.5	88	15076759	416864	8	2	1	0
8	17418742261773481917	hard	2	-70	1	166	32914231	418451	11	10	0	0
9	10372713007387128786	hard	2	-66	1	131	24749339	434188	8	7	0	0
10	3326683753000775655	hard	2	-72	1	79	15292857	415464	7	5	1	0
11	14727398572323974140	hard	2	-47.5	1	69	11911489	412291	7	5	0	0
12	7681369317937621009	hard	2	-32	1	154	26312844	418410	9	5	0	0
13	635340063551267878	hard	2	-49.5	1	100	18994287	417388	9	6	0	0
14	12036054882874466363	hard	2	-39.5	1	101	21631236	435092	6	4	1	0
15	4990025628488113232	hard	2	-37.5	1	113	20972884	415849	10	7	1	0
16	16390740447811311717	hard	2	-55	1	85	15740600	415147	11	8	1	0
17	9344711193424958586	hard	2	-21.5	0.5	118	21044747	414815	6	3	0	0
18	2298681939038605455	hard	2	-25	1	85	15789966	416515	10	6	0	0
19	13699396758361803940	hard	2	-12.5	0.5	128	26254568	416393	8	5	1	0
20	6653367503975450809	hard	2	-41.5	1	72	13592230	417156	7	4	0	0
21	18054082323298649294	hard	2	-73.5	1	164	34326080	414366	11	8	1	0
22	11008053068912296163	hard	2	-45.5	1	77	16944727	415813	8	6	0	0
23	3962023814525943032	hard	2	-53.5	0.5	123	27852466	415558	12	7	1	0
24	15362738633849141517	hard	2	-24.5	1	82	17142828	416205	10	6	0	0
25	8316709379462788386	hard	2	-33.5	1	76	12942172	415688	10	6	0	0
26	1270680125076435255	hard	2	-48	1	139	24458112	418342	12	8	1	0
27	12671394944399633740	hard	2	-37	1	84	16675713	415086	9	7	0	0
28	5625365690013280609	hard	2	-55.5	1	176	35570842	417814	9	7	0	0
29	17026080509336479094	hard	2	-54.5	1	88	15951323	417333	9	8	0	0
30	9980051254950125963	hard	2	-52	0.5	240	42848294	418738	10	8	1	0
31	2934022000563772832	hard	2	-43.5	0.5	163	27560209	415171	8	7	0	0
32	14334736819886971317	hard	2	-11	0.5	183	30852558	418530	8	4	1	0
33	7288707565500618186	hard	2	-49	1	114	23422320	415681	9	7	0	0
34	242678311114265055	hard	2	-105	1	97	19497884	416086	8	8	0	0
35	11643393130437463540	hard	2	-64.5	1	175	30916214	417294	10	9	0	0
36	4597363876051110409	hard	2	-49.5	1	211	40124157	436934	7	6	1	0
37	15998078695374308894	hard	2	-15	1	126	24769463	418482	8	4	0	0
38	8952049440987955763	hard	2	-29.5	1	107	16566772	418119	9	6	0	0
39	1906020186601602632	hard	2	-43.5	0.5	89	17819451	416612	7	7	0	0
40	13306735005924801117	hard	2	-41.5	0.5	100	22301768	418791	8	6	0	0
41	6260705751538447986	hard	2	5	0.5	87	17276839	430000	7	5	0	0
42	17661420570861646471	hard	2	-22.5	0.5	188	30790185	417246	12	7	2	0
43	10615391316475293340	hard	2	-36	1	241	41231363	418063	13	9	1	0
44	3569362062088940209	hard	2	-41	1	93	17846038	443839	9	7	0	0
45	14970076881412138694	hard	2	-62.5	1	62	9465246	421424	7	6	0	0
46	7924047627025785563	hard	2	2	0.5	237	44273761	417763	9	5	2	0
47	878018372639432432	hard	2	-49.5	1	84	12578418	417280	6	4	0	0
48	12278733191962630917	hard	2	-67.5	1	163	34451394	417775	8	6	1	0
49	5232703937576277786	hard	2	-20.5	0.5	156	28293948	419480	10	5	0	0
50	16633418756899476271	hard	2	-70	1	76	14607755	417459	10	8	0	0
51	9587389502513123140	hard	2	-34.5	1	236	44737298	418361	8	6	0	0
52	2541360248126770009	hard	2	-33.5	1	179	25016507	416529	9	7	0	0
53	13942075067449968494	hard	2	-83.5	1	139	25180760	415576	10	8	0	0
54	6896045813063615363	hard	2	-13	1	78	14128146	415060	10	6	0	0
55	18296760632386813848	hard	2	-46	1	138	28461082	422566	9	6	1	0
56	11250731378000460717	hard	2	13	0.5	136	19806549	417887	8	3	1	0
57	4204702123614107586	hard	2	-72	1	141	27331162	418765	9	7	0	0
58	15605416942937306071	hard	2	-71	1	85	16399972	416120	9	7	0	0
59	8559387688550952940	hard	2	-38	0.5	127	19785546	415124	11	8	1	0
60	1513358434164599809	hard	2	-39.5	1	113	19681331	416372	8	7	0	0
61	12914073253487798294	hard	2	12	0.5	104	21198418	417647	8	5	0	0
62	5868043999101445163	hard	2	-61.5	1	100	20245807	416343	10	7	0	0
63	17268758818424643648	hard	2	-14	0.5	187	26040686	414449	8	3	1	0
