# Args { candidate: "hard", compare: None, opponents: ["normal"], cfg: [], compare_cfg: [], opponent_cfg: [], players: 2, blocks: 64, seed: 2026100501, jobs: 4, target: 100, start_scores: [], out: Some("research/reports/V1_RELEASE_HARD_NORMAL.tsv") }
block	seed	bot	games	mean_gap	win_share	decisions	decision_us	max_us	calls	successes	resets	high_pairs
0	2026100501	hard	2	15	0.5	79	14779885	417083	7	2	0	0
1	11400714821349298986	hard	2	-3	0.5	70	12613043	416293	6	3	0	0
2	4354685566962945855	hard	2	-9	1	254	50492877	425691	15	10	2	0
3	15755400386286144340	hard	2	-30	1	133	29387336	419032	8	3	2	0
4	8709371131899791209	hard	2	3.5	0.5	258	53614687	425762	9	8	1	0
5	1663341877513438078	hard	2	-32	0.5	78	14696759	423473	6	3	1	0
6	13064056696836636563	hard	2	-25.5	0.5	149	27400180	416386	7	3	1	0
7	6018027442450283432	hard	2	4	0.5	116	22276414	417938	8	4	0	0
8	17418742261773481917	hard	2	-10.5	0.5	152	33074349	418027	6	3	0	0
9	10372713007387128786	hard	2	18	0	206	40547598	423069	11	7	0	0
10	3326683753000775655	hard	2	25.5	0	143	29837735	420983	6	3	1	0
11	14727398572323974140	hard	2	21	0.5	80	14425044	413830	8	3	0	0
12	7681369317937621009	hard	2	-5.5	0.5	71	12559628	417735	5	2	0	0
13	635340063551267878	hard	2	24	0.5	57	10986266	418522	8	2	0	0
14	12036054882874466363	hard	2	25	0	134	26984312	419074	9	5	0	0
15	4990025628488113232	hard	2	10	0.5	209	30555726	418852	6	2	0	0
16	16390740447811311717	hard	2	8	0.5	101	21421375	417281	6	3	0	0
17	9344711193424958586	hard	2	-19	1	113	23622211	418332	7	5	0	0
18	2298681939038605455	hard	2	0.5	0.5	55	11933659	416698	6	4	0	0
19	13699396758361803940	hard	2	0.5	0.5	102	19704925	417542	6	4	0	0
20	6653367503975450809	hard	2	25.5	0.5	115	20370257	415857	9	6	0	0
21	18054082323298649294	hard	2	18	0	246	42875872	420835	11	8	0	0
22	11008053068912296163	hard	2	-4.5	0.5	46	9667836	414909	3	1	0	0
23	3962023814525943032	hard	2	17.5	0.5	85	16865905	417194	3	2	0	0
24	15362738633849141517	hard	2	7.5	0.5	188	34835635	427491	9	7	1	0
25	8316709379462788386	hard	2	-17	0.5	84	16026695	417753	7	5	0	0
26	1270680125076435255	hard	2	-3	0.5	257	50117233	418658	8	6	1	0
27	12671394944399633740	hard	2	-11	0.5	116	23709522	419030	6	4	0	0
28	5625365690013280609	hard	2	-23.5	0.5	113	24957920	422385	4	4	0	0
29	17026080509336479094	hard	2	7.5	0.5	182	37238750	461949	8	8	0	0
30	9980051254950125963	hard	2	-22	1	122	26843154	434599	6	4	1	0
31	2934022000563772832	hard	2	-2.5	0.5	83	17861105	419633	7	3	1	0
32	14334736819886971317	hard	2	-24.5	1	122	25559294	418485	13	8	1	0
33	7288707565500618186	hard	2	-15	1	95	20210546	414998	9	5	0	0
34	242678311114265055	hard	2	-52	1	205	50448667	419668	10	7	1	0
35	11643393130437463540	hard	2	25	0.5	174	36325814	418616	6	3	1	0
36	4597363876051110409	hard	2	-33.5	1	128	25287579	417686	7	4	0	0
37	15998078695374308894	hard	2	4.5	0.5	145	34105311	414272	6	2	1	0
38	8952049440987955763	hard	2	-22	1	106	19565240	429521	6	4	1	0
39	1906020186601602632	hard	2	12.5	0.5	168	40289998	420293	10	6	0	0
40	13306735005924801117	hard	2	-1	0.5	137	30093864	417879	10	6	1	0
41	6260705751538447986	hard	2	20.5	0.5	77	14393355	415534	5	2	0	0
42	17661420570861646471	hard	2	-44.5	1	111	22489301	422063	6	5	1	0
43	10615391316475293340	hard	2	1	0.5	164	31581168	415838	4	2	0	0
44	3569362062088940209	hard	2	20.5	0.5	96	22599971	415568	8	3	0	0
45	14970076881412138694	hard	2	18.5	0.5	185	41786210	461466	7	5	0	0
46	7924047627025785563	hard	2	54.5	0	90	20521329	420483	6	2	0	0
47	878018372639432432	hard	2	50	0	330	53441000	435579	8	5	1	0
48	12278733191962630917	hard	2	-9.5	0.5	178	36992195	417856	8	6	1	0
49	5232703937576277786	hard	2	-35.5	1	133	26129457	418008	7	5	0	0
50	16633418756899476271	hard	2	-43	1	110	23867273	420548	9	5	2	0
51	9587389502513123140	hard	2	26	0	182	38544207	418342	9	6	1	0
52	2541360248126770009	hard	2	-10.5	1	175	39798119	441400	6	5	1	0
53	13942075067449968494	hard	2	28.5	0.5	117	22777414	416084	8	6	0	0
54	6896045813063615363	hard	2	-43.5	1	73	13807246	420819	5	4	1	0
55	18296760632386813848	hard	2	25.5	0.5	207	42179236	422310	7	5	2	0
56	11250731378000460717	hard	2	14.5	0.5	109	20408875	418343	7	4	0	0
57	4204702123614107586	hard	2	-43.5	1	76	13840071	414123	7	5	0	0
58	15605416942937306071	hard	2	-34	1	123	28220815	417893	7	4	1	0
59	8559387688550952940	hard	2	-8	0.5	96	16290678	417538	7	3	0	0
60	1513358434164599809	hard	2	-46	1	146	26991138	416278	8	6	1	0
61	12914073253487798294	hard	2	-24	0.5	57	10750265	419664	4	4	0	0
62	5868043999101445163	hard	2	20	0.5	94	20628244	417548	9	5	0	0
63	17268758818424643648	hard	2	1.5	0.5	117	23366624	416401	5	4	0	0
