# Args { candidate: "normal", compare: None, opponents: ["easy"], cfg: [], compare_cfg: [], opponent_cfg: [], players: 2, blocks: 64, seed: 2026100501, jobs: 4, target: 100, start_scores: [], out: Some("research/reports/V1_RELEASE_NORMAL_EASY.tsv") }
block	seed	bot	games	mean_gap	win_share	decisions	decision_us	max_us	calls	successes	resets	high_pairs
0	2026100501	normal	2	-73.5	1	228	13639546	201251	13	12	0	0
1	11400714821349298986	normal	2	-22	0.5	52	4097157	207279	6	4	0	0
2	4354685566962945855	normal	2	-48.5	1	67	6659308	207985	6	4	0	0
3	15755400386286144340	normal	2	-54	1	95	9275146	208394	10	8	1	0
4	8709371131899791209	normal	2	-60.5	1	78	6357660	208568	10	8	0	0
5	1663341877513438078	normal	2	-25	0.5	187	13951348	209037	11	7	2	0
6	13064056696836636563	normal	2	-32	1	105	9220665	210741	9	5	1	0
7	6018027442450283432	normal	2	-38	1	83	7596591	208093	9	6	0	0
8	17418742261773481917	normal	2	-32	0.5	66	7518284	210545	7	6	0	0
9	10372713007387128786	normal	2	-55.5	1	104	9699394	212762	8	6	1	0
10	3326683753000775655	normal	2	-89	1	104	6350428	202039	8	7	0	0
11	14727398572323974140	normal	2	-65.5	1	71	5915335	208565	6	5	0	0
12	7681369317937621009	normal	2	-79.5	1	125	11581967	208151	14	12	0	0
13	635340063551267878	normal	2	-39	1	89	7164177	208153	8	4	1	0
14	12036054882874466363	normal	2	-67	1	106	9617926	208073	10	6	1	0
15	4990025628488113232	normal	2	-41.5	1	131	12067813	210127	12	8	2	0
16	16390740447811311717	normal	2	-20	0.5	123	8437890	208435	9	5	1	0
17	9344711193424958586	normal	2	-37.5	1	144	12485906	208145	8	4	1	0
18	2298681939038605455	normal	2	-30.5	1	61	6545716	210671	9	5	0	0
19	13699396758361803940	normal	2	-50	1	145	10626431	208245	7	6	1	0
20	6653367503975450809	normal	2	-31.5	1	218	14451936	208217	13	7	1	0
21	18054082323298649294	normal	2	-10.5	0.5	82	8421885	220018	8	4	0	0
22	11008053068912296163	normal	2	-43.5	1	66	6660296	206857	8	4	0	0
23	3962023814525943032	normal	2	-64.5	1	142	11023852	207767	10	8	1	0
24	15362738633849141517	normal	2	-79.5	1	65	6267020	207056	9	8	0	0
25	8316709379462788386	normal	2	-52	1	74	7242313	207855	12	9	0	0
26	1270680125076435255	normal	2	-68	1	117	12059183	208331	11	10	0	0
27	12671394944399633740	normal	2	-76.5	1	146	10104317	207405	9	9	0	0
28	5625365690013280609	normal	2	-75.5	1	157	14006829	208920	12	11	0	0
29	17026080509336479094	normal	2	12	0.5	106	10166701	210923	12	10	0	0
30	9980051254950125963	normal	2	-42	1	79	8261374	210198	10	7	0	0
31	2934022000563772832	normal	2	-6.5	0.5	76	8031056	209549	8	4	0	0
32	14334736819886971317	normal	2	-45.5	1	360	18954646	207809	11	9	1	0
33	7288707565500618186	normal	2	-21	0.5	82	7939129	209088	8	5	0	0
34	242678311114265055	normal	2	-74	1	120	9122429	207575	10	9	0	0
35	11643393130437463540	normal	2	-83.5	1	226	14303061	208366	8	8	0	0
36	4597363876051110409	normal	2	-3.5	0.5	139	12119661	207478	9	5	1	0
37	15998078695374308894	normal	2	4	0.5	115	11323243	209249	10	7	0	0
38	8952049440987955763	normal	2	-78.5	1	170	10957736	207571	7	6	1	0
39	1906020186601602632	normal	2	-63	1	70	6912437	208302	8	6	0	0
40	13306735005924801117	normal	2	-56	1	175	13548634	210241	10	8	0	0
41	6260705751538447986	normal	2	-30	0.5	160	14380481	207760	11	7	1	0
42	17661420570861646471	normal	2	-6.5	0.5	115	10622401	209732	10	6	0	0
43	10615391316475293340	normal	2	-64.5	1	149	14424719	207872	14	12	1	0
44	3569362062088940209	normal	2	-46	1	73	6423663	208368	10	7	0	0
45	14970076881412138694	normal	2	-28	1	110	9374264	209222	9	7	0	0
46	7924047627025785563	normal	2	-26	1	126	12399512	209218	8	5	1	0
47	878018372639432432	normal	2	-45	1	133	8705612	208757	9	5	1	0
48	12278733191962630917	normal	2	-81	1	121	13239556	208460	13	11	0	0
49	5232703937576277786	normal	2	-39.5	0.5	89	9164105	207302	8	7	0	0
50	16633418756899476271	normal	2	-66.5	1	105	10519031	209748	10	8	0	0
51	9587389502513123140	normal	2	-40.5	1	156	14314377	209316	8	5	1	0
52	2541360248126770009	normal	2	-40.5	1	54	4360201	208789	8	5	0	0
53	13942075067449968494	normal	2	-78	1	71	7213033	207284	8	6	0	0
54	6896045813063615363	normal	2	19	0	63	5289640	209864	7	4	0	0
55	18296760632386813848	normal	2	-15	0.5	63	5970281	207833	7	3	0	0
56	11250731378000460717	normal	2	-17	0.5	70	6784337	207545	9	5	0	0
57	4204702123614107586	normal	2	-1	0.5	172	12699334	212670	9	2	1	0
58	15605416942937306071	normal	2	-13	0.5	86	7398389	208579	7	3	1	0
59	8559387688550952940	normal	2	-48.5	1	135	9959285	207986	10	7	0	0
60	1513358434164599809	normal	2	0.5	0.5	114	10357435	209750	12	7	1	0
61	12914073253487798294	normal	2	-27	0.5	185	10198147	206624	10	6	1	0
62	5868043999101445163	normal	2	-65.5	1	118	11472718	209112	12	9	1	0
63	17268758818424643648	normal	2	-39.5	0.5	59	6329080	208449	8	5	0	0
