# Args { candidate: "v4", compare: Some("challenger"), opponents: ["simple", "tactician", "challenger"], cfg: [("budget_us", "0"), ("simulations", "512")], compare_cfg: [], opponent_cfg: [], players: 4, blocks: 8, seed: 61004, jobs: 4, target: 100, out: Some("reports\\v4-confirm-mixed.tsv") }
block	seed	bot	games	mean_gap	win_share	decisions	decision_us	max_us	calls	successes
0	61004	v4	4	-9.75	0.5	361	37699545	294264	13	12
0	61004	challenger	4	-8.5	0.25	351	5778	43	13	11
1	11400714819323259489	v4	4	-27.5	0.75	349	33950228	271022	12	11
1	11400714819323259489	challenger	4	-23.5	0.75	399	6722	44	12	12
2	4354685564936906358	v4	4	-41.25	1	423	41643581	287689	14	13
2	4354685564936906358	challenger	4	-28	0.75	497	8394	241	10	10
3	15755400384260104843	v4	4	-3.5	0.75	396	40915399	287885	12	9
3	15755400384260104843	challenger	4	-7	0.5	364	6859	146	15	11
4	8709371129873751712	v4	4	-3.25	0.5	456	49837520	343617	11	8
4	8709371129873751712	challenger	4	-7.5	0.5	466	8372	46	13	10
5	1663341875487398581	v4	4	-14	0.75	364	40530901	291865	15	12
5	1663341875487398581	challenger	4	-31.25	1	315	5874	310	15	11
6	13064056694810597066	v4	4	-12.25	0.625	339	39216440	302611	11	10
6	13064056694810597066	challenger	4	-0.25	0.5	348	6312	147	11	8
7	6018027440424243935	v4	4	-4	0.5	465	50038017	300080	9	6
7	6018027440424243935	challenger	4	-7.25	0.75	415	6819	63	10	7
