# Args { candidate: "v4", compare: Some("search"), opponents: ["challenger"], cfg: [("budget_us", "50000")], compare_cfg: [("budget_us", "50000")], opponent_cfg: [], players: 4, blocks: 20, seed: 71004, jobs: 4, target: 100, out: Some("reports\\v4-confirm-search-50ms.tsv") }
block	seed	bot	games	mean_gap	win_share	decisions	decision_us	max_us	calls	successes
0	71004	v4	4	1.25	0.5	569	20584156	50485	11	8
0	71004	search	4	52.25	0	226	10718352	63920	5	0
1	11400714819323269489	v4	4	13	0.25	360	12675702	50337	9	2
1	11400714819323269489	search	4	47.25	0	229	10588282	63903	2	1
2	4354685564936916358	v4	4	3.75	0.25	355	12535103	50417	7	4
2	4354685564936916358	search	4	51	0	259	12342242	65452	4	1
3	15755400384260114843	v4	4	8.5	0.5	229	7837960	50433	6	2
3	15755400384260114843	search	4	35.5	0	190	8819298	69574	1	1
4	8709371129873761712	v4	4	20.75	0.25	406	14468463	50388	7	3
4	8709371129873761712	search	4	67.75	0	248	11874487	65403	1	1
5	1663341875487408581	v4	4	10	0.375	641	23570665	50358	7	6
5	1663341875487408581	search	4	52	0	243	11616387	67497	2	0
6	13064056694810607066	v4	4	3.25	0.5	340	12160474	50271	8	4
6	13064056694810607066	search	4	43.75	0	268	12756989	65173	2	0
7	6018027440424253935	v4	4	20.75	0	354	12739440	50402	8	4
7	6018027440424253935	search	4	51.75	0.25	198	9294757	64911	1	1
8	17418742259747452420	v4	4	9	0.5	292	10543668	50351	8	6
8	17418742259747452420	search	4	47	0	222	10442912	69247	1	0
9	10372713005361099289	v4	4	9.25	0.375	533	19446369	50296	6	3
9	10372713005361099289	search	4	60.25	0	368	18055625	71627	1	0
10	3326683750974746158	v4	4	21	0	506	18258196	50416	7	2
10	3326683750974746158	search	4	42.25	0	294	14193330	93486	2	0
11	14727398570297944643	v4	4	18.25	0.5	305	10816978	50416	5	4
11	14727398570297944643	search	4	42	0	285	13655353	66747	2	1
12	7681369315911591512	v4	4	27	0.25	518	18849692	50418	5	4
12	7681369315911591512	search	4	48.25	0	303	14782238	66231	0	0
13	635340061525238381	v4	4	22	0.25	478	17320376	54294	7	3
13	635340061525238381	search	4	51.75	0	264	14416975	181597	3	0
14	12036054880848436866	v4	4	12.75	0.25	453	16683148	53616	7	4
14	12036054880848436866	search	4	55.25	0	333	19879238	292275	1	0
15	4990025626462083735	v4	4	24.5	0.25	345	12918762	56204	6	1
15	4990025626462083735	search	4	59.25	0	249	14450746	200340	2	1
16	16390740445785282220	v4	4	13.5	0.25	456	16945228	53985	6	4
16	16390740445785282220	search	4	46.5	0	229	14505917	157662	2	0
17	9344711191398929089	v4	4	4.25	0.75	421	15555501	55395	10	8
17	9344711191398929089	search	4	51.25	0	279	15618941	205484	1	0
18	2298681937012575958	v4	4	23.75	0.25	254	9655288	53617	6	1
18	2298681937012575958	search	4	49.75	0	158	9704321	157134	6	0
19	13699396756335774443	v4	4	8.5	0.25	537	19997924	54195	9	4
19	13699396756335774443	search	4	32.25	0	342	17248187	120171	2	1
