# Args { candidate: "hard", compare: Some("normal"), opponents: ["normal"], cfg: [("budget_us", "0"), ("simulations", "128"), ("confirmation_samples", "48"), ("learned_value", "true"), ("value_model_path", "data/match_value/model-v1.bin"), ("validate_calls", "true"), ("min_cabo_success", "0"), ("avoid_cycles", "true")], compare_cfg: [("budget_us", "0"), ("simulations", "128"), ("confirmation_samples", "48")], opponent_cfg: [("budget_us", "0"), ("simulations", "32"), ("confirmation_samples", "16")], players: 4, blocks: 48, seed: 590000, jobs: 4, target: 100, start_scores: [], out: Some("reports/HARD_R25_LEARNED_CALLS_SEARCH_OPPONENTS.tsv") }
block	seed	bot	games	mean_gap	win_share	decisions	decision_us	max_us	calls	successes	resets	high_pairs
0	590000	hard	4	28.25	0.25	421	14668584	151216	9	2	2	0
0	590000	normal	4	2.75	0.5	405	14025294	142051	9	4	3	0
1	11400714819323788485	hard	4	36.75	0	463	14573690	144222	8	1	3	0
1	11400714819323788485	normal	4	10	0.25	585	18216736	134682	6	2	3	0
2	4354685564937435354	hard	4	27	0	473	15633035	167362	5	3	2	0
2	4354685564937435354	normal	4	16.25	0	455	16106433	143925	13	5	3	0
3	15755400384260633839	hard	4	2	0.5	307	10871929	124890	7	5	1	0
3	15755400384260633839	normal	4	31.5	0	379	13819489	163003	7	4	1	0
4	8709371129874280708	hard	4	29.25	0	327	12622159	114867	8	2	3	0
4	8709371129874280708	normal	4	25	0.25	281	9983326	119193	4	1	1	0
5	1663341875487927577	hard	4	23.25	0.125	350	12494122	127220	6	5	3	0
5	1663341875487927577	normal	4	-5.25	0.5	175	6678506	138905	7	5	2	0
6	13064056694811126062	hard	4	22.25	0	487	18545406	121892	9	4	3	0
6	13064056694811126062	normal	4	9.5	0.25	595	22127440	130660	10	6	4	0
7	6018027440424772931	hard	4	17	0.25	283	10776818	119196	11	4	4	0
7	6018027440424772931	normal	4	24	0.125	404	14470691	132983	8	7	2	0
8	17418742259747971416	hard	4	20.25	0	377	12759287	107467	7	4	0	0
8	17418742259747971416	normal	4	-7.25	0.875	357	13105952	130285	9	5	3	0
9	10372713005361618285	hard	4	10	0.5	309	11830208	123040	5	1	2	0
9	10372713005361618285	normal	4	11.5	0.25	309	11381698	104529	8	4	1	0
10	3326683750975265154	hard	4	33	0.25	564	22393950	182379	14	4	3	0
10	3326683750975265154	normal	4	24.5	0.125	544	28562347	370099	8	3	4	0
11	14727398570298463639	hard	4	15.5	0	318	13396327	148806	5	1	2	0
11	14727398570298463639	normal	4	14.75	0.375	322	17374632	311248	6	3	2	0
12	7681369315912110508	hard	4	29.5	0	531	26533925	241342	10	5	4	0
12	7681369315912110508	normal	4	17.25	0.25	401	18382563	204935	6	5	2	0
13	635340061525757377	hard	4	-0.75	0.5	336	14461093	240241	4	1	3	0
13	635340061525757377	normal	4	15.25	0.25	324	14811048	333433	8	4	2	0
14	12036054880848955862	hard	4	11.25	0.375	576	30761015	256614	9	4	3	0
14	12036054880848955862	normal	4	3.75	0.5	550	26664206	216482	8	7	3	0
15	4990025626462602731	hard	4	26.75	0	233	13055666	205448	5	2	1	0
15	4990025626462602731	normal	4	39.75	0	267	14727796	214275	6	3	2	0
16	16390740445785801216	hard	4	17.25	0.25	132	7966778	233062	6	0	2	0
16	16390740445785801216	normal	4	15.5	0.375	288	14678880	178511	7	0	3	0
17	9344711191399448085	hard	4	11.5	0.25	405	17991615	172116	5	3	3	0
17	9344711191399448085	normal	4	25.5	0	236	10199385	175450	3	1	0	0
18	2298681937013094954	hard	4	6	0.375	454	24384444	172503	10	5	3	0
18	2298681937013094954	normal	4	29.75	0	545	26728843	175025	11	6	2	0
19	13699396756336293439	hard	4	35.5	0	372	17999854	165635	12	5	3	0
19	13699396756336293439	normal	4	-7.5	0.75	343	15675561	148273	6	4	3	0
20	6653367501949940308	hard	4	15.25	0.375	225	11033714	156816	4	2	2	0
20	6653367501949940308	normal	4	33.5	0.125	213	9568620	145015	7	0	2	0
21	18054082321273138793	hard	4	20.5	0.08333333333333333	374	16622113	210559	8	5	1	0
21	18054082321273138793	normal	4	14.25	0.5	326	15137790	140479	7	4	2	0
22	11008053066886785662	hard	4	30.75	0	477	21047445	163638	9	6	0	0
22	11008053066886785662	normal	4	23.25	0.125	407	16244836	149631	6	3	1	0
23	3962023812500432531	hard	4	8.5	0.5	298	13206544	151674	9	3	1	0
23	3962023812500432531	normal	4	22.25	0	475	18559175	132403	6	3	3	0
24	15362738631823631016	hard	4	30.75	0	434	18767157	172912	6	2	1	0
24	15362738631823631016	normal	4	35.25	0.25	343	15892862	162432	5	1	1	0
25	8316709377437277885	hard	4	7.25	0.25	437	18630115	203083	9	4	4	0
25	8316709377437277885	normal	4	5	0.5	554	22281699	158488	13	8	4	0
26	1270680123050924754	hard	4	11	0.5	404	17072439	160537	5	3	1	0
26	1270680123050924754	normal	4	6.25	0.25	315	15613732	170972	9	3	2	0
27	12671394942374123239	hard	4	31.75	0	316	13969880	155705	9	3	3	0
27	12671394942374123239	normal	4	36	0	335	13647167	177006	5	3	0	0
28	5625365687987770108	hard	4	8.75	0.5	404	17333587	174628	6	2	4	0
28	5625365687987770108	normal	4	12	0.25	500	21933788	137627	11	5	4	0
29	17026080507310968593	hard	4	-6.25	0.75	471	20037125	173294	10	3	3	0
29	17026080507310968593	normal	4	-4.75	0.75	436	18688037	169108	8	4	2	0
30	9980051252924615462	hard	4	10	0.375	349	15816228	145508	9	4	4	0
30	9980051252924615462	normal	4	46.25	0	259	11807849	148357	7	2	2	0
31	2934021998538262331	hard	4	29.5	0	543	20900955	148298	10	3	4	0
31	2934021998538262331	normal	4	1.75	0.5	481	18742786	143788	10	7	1	0
32	14334736817861460816	hard	4	19.25	0	365	14701470	160201	4	3	0	0
32	14334736817861460816	normal	4	15.5	0.5	328	13707039	145892	6	3	1	0
33	7288707563475107685	hard	4	17	0.25	487	19889791	149325	6	1	4	0
33	7288707563475107685	normal	4	13.75	0.5	540	21551061	189152	12	5	4	0
34	242678309088754554	hard	4	31	0.125	423	17620844	144570	3	1	2	0
34	242678309088754554	normal	4	20.5	0.375	474	19963202	157123	9	4	3	0
35	11643393128411953039	hard	4	20	0.25	365	15802740	192829	6	3	0	0
35	11643393128411953039	normal	4	18.5	0.125	345	14397639	148608	7	3	1	0
36	4597363874025599908	hard	4	-1.75	0.75	412	17292561	158283	8	5	3	0
36	4597363874025599908	normal	4	12.5	0.25	379	16516556	166358	11	4	4	0
37	15998078693348798393	hard	4	21.75	0.125	458	17997832	179481	11	4	2	0
37	15998078693348798393	normal	4	12.5	0.25	488	19195984	143141	9	4	4	0
38	8952049438962445262	hard	4	13.25	0.375	552	20565566	137579	8	3	3	0
38	8952049438962445262	normal	4	8.75	0.25	484	16739991	165500	7	5	3	0
39	1906020184576092131	hard	4	26	0.25	223	9493717	152756	4	2	0	0
39	1906020184576092131	normal	4	19.75	0.375	346	14407021	146177	10	3	3	0
40	13306735003899290616	hard	4	14.75	0.25	404	17110558	165898	7	4	2	0
40	13306735003899290616	normal	4	18.25	0	468	18349818	173467	10	3	3	0
41	6260705749512937485	hard	4	7.75	0.25	488	21216608	171989	8	3	3	0
41	6260705749512937485	normal	4	21.5	0	402	16777101	155528	8	1	3	0
42	17661420568836135970	hard	4	7	0.625	488	19825231	143009	7	5	2	0
42	17661420568836135970	normal	4	5	0.375	463	20063076	185802	4	2	3	0
43	10615391314449782839	hard	4	33.5	0.25	350	17298722	196579	5	3	0	0
43	10615391314449782839	normal	4	17	0.25	483	21089480	153545	9	4	3	0
44	3569362060063429708	hard	4	18	0.5	404	18506493	143926	9	6	2	0
44	3569362060063429708	normal	4	21.5	0.25	419	18674054	150572	9	5	2	0
45	14970076879386628193	hard	4	41	0.25	494	19169639	133012	6	3	0	0
45	14970076879386628193	normal	4	11	0.25	634	23667296	138275	8	4	4	0
46	7924047625000275062	hard	4	23.75	0	609	21387494	130597	7	5	2	0
46	7924047625000275062	normal	4	17	0.25	647	21277111	163112	12	7	4	0
47	878018370613921931	hard	4	37.5	0	428	16827883	132762	9	4	2	0
47	878018370613921931	normal	4	43.5	0	502	17587293	137639	8	5	1	0
