# Args { candidate: "v4", compare: Some("search"), opponents: ["challenger"], cfg: [("budget_us", "50000")], compare_cfg: [("budget_us", "50000")], opponent_cfg: [], players: 2, blocks: 16, seed: 91004, jobs: 4, target: 100, out: Some("reports\\v4-final-duel.tsv") }
block	seed	bot	games	mean_gap	win_share	decisions	decision_us	max_us	calls	successes
0	91004	v4	2	-13	1	60	1478224	40702	7	4
0	91004	search	2	34.5	0	48	2195743	95545	5	2
1	11400714819323289489	v4	2	-44	1	79	2203578	46149	6	5
1	11400714819323289489	search	2	41	0.5	67	3433512	129954	4	1
2	4354685564936936358	v4	2	-2	0.5	96	2825806	52552	6	2
2	4354685564936936358	search	2	54.5	0	86	4205552	97899	6	2
3	15755400384260134843	v4	2	-2	0.5	51	1337135	43712	4	3
3	15755400384260134843	search	2	-9.5	1	90	4827860	194375	3	3
4	8709371129873781712	v4	2	9.5	0.5	96	2879679	45135	8	6
4	8709371129873781712	search	2	-1	0.5	101	5246511	142461	5	3
5	1663341875487428581	v4	2	-7.5	0.5	104	3051496	44814	5	3
5	1663341875487428581	search	2	40.5	0.5	49	2425808	74789	2	1
6	13064056694810627066	v4	2	0	0.5	65	1744555	45228	6	3
6	13064056694810627066	search	2	59.5	0	71	3524340	102909	2	1
7	6018027440424273935	v4	2	-13	0.5	111	3225072	44067	5	3
7	6018027440424273935	search	2	58	0	97	4925805	81966	3	0
8	17418742259747472420	v4	2	-68	1	157	4858168	43381	7	7
8	17418742259747472420	search	2	38.5	0	92	4778239	91314	3	1
9	10372713005361119289	v4	2	-30.5	0.5	64	1708807	43806	6	4
9	10372713005361119289	search	2	19.5	0	75	3613389	99160	3	2
10	3326683750974766158	v4	2	-6.5	0.5	92	2732545	49254	6	3
10	3326683750974766158	search	2	48	0	55	2433295	79523	5	3
11	14727398570297964643	v4	2	-53	1	79	2269764	42796	7	5
11	14727398570297964643	search	2	73.5	0	70	3465035	94267	2	0
12	7681369315911611512	v4	2	-18.5	0.5	111	3210902	49122	6	4
12	7681369315911611512	search	2	-9.5	0.5	60	2775534	88989	3	2
13	635340061525258381	v4	2	0	0.5	67	1882415	42531	6	3
13	635340061525258381	search	2	8	0.5	55	2572140	95653	2	1
14	12036054880848456866	v4	2	-21	0.5	126	3748521	44402	6	6
14	12036054880848456866	search	2	31.5	0	87	4193815	85301	4	2
15	4990025626462103735	v4	2	-15	0.5	97	2903302	43709	8	6
15	4990025626462103735	search	2	19.5	0	75	3574378	90211	3	1
