# Args { candidate: "v4", compare: Some("challenger"), opponents: ["simple", "tactician", "challenger"], cfg: [("budget_us", "0"), ("simulations", "512")], compare_cfg: [], opponent_cfg: [], players: 4, blocks: 12, seed: 111004, jobs: 4, target: 100, out: Some("reports\\v4-final-mixed.tsv") }
block	seed	bot	games	mean_gap	win_share	decisions	decision_us	max_us	calls	successes
0	111004	v4	4	14.75	0.5	381	39196800	357519	7	6
0	111004	challenger	4	15	0.25	333	5396	36	10	9
1	11400714819323309489	v4	4	9	0.5	395	43025942	297583	14	8
1	11400714819323309489	challenger	4	4.25	0.25	342	5578	161	13	8
2	4354685564936956358	v4	4	3	0.5	283	28809051	258783	9	7
2	4354685564936956358	challenger	4	6	0.5	272	4075	31	12	7
3	15755400384260154843	v4	4	-20	1	529	55358813	287029	12	10
3	15755400384260154843	challenger	4	-22	0.75	504	8359	172	12	11
4	8709371129873801712	v4	4	9.5	0.25	384	39267152	253791	9	6
4	8709371129873801712	challenger	4	11.25	0.5	365	5727	63	10	6
5	1663341875487448581	v4	4	-15.5	0.75	325	32586246	257789	16	12
5	1663341875487448581	challenger	4	-11.25	0.75	291	4361	103	15	11
6	13064056694810647066	v4	4	-1.25	0.5	332	33054615	223834	11	7
6	13064056694810647066	challenger	4	-27.25	0.75	350	5463	78	17	13
7	6018027440424293935	v4	4	-19	1	324	32941488	236790	12	10
7	6018027440424293935	challenger	4	-17.75	0.75	329	5106	52	12	10
8	17418742259747492420	v4	4	-1.25	0.625	354	33137510	288850	13	7
8	17418742259747492420	challenger	4	5	0.375	336	4761	28	11	4
9	10372713005361139289	v4	4	0.5	0.75	315	30163394	293449	10	6
9	10372713005361139289	challenger	4	-12.75	0.75	329	4780	33	12	8
10	3326683750974786158	v4	4	17	0.25	334	30992514	255135	7	7
10	3326683750974786158	challenger	4	16.75	0.25	268	3282	27	10	8
11	14727398570297984643	v4	4	-7.25	0.5	385	28243790	279064	8	4
11	14727398570297984643	challenger	4	2.75	0.25	369	4143	129	8	5
